ID,target
009D84L,1
01DO2EQ,1
01QM0NU,0
024NJLZ,1
02BYET3,1
02NOVWQ,0
02VSP68,0
02YB37K,0
035MSR2,0
0368TEA,0
03ITANF,1
03PBB9C,1
03TU8D8,1
03U7AQ3,1
03U9R5M,1
045OFQ1,1
04OFD80,0
04UA1UO,1
04VHLFR,0
05INLXG,0
05X3N9M,0
0605AP6,0
06H3F75,1
06M2PCI,0
06P6GY9,0
06QWOUO,1
06SOU7C,0
071O9H5,1
0737K0Z,1
07A1Q6H,1
07STYSU,0
07Y4UYU,0
0854MA0,0
0884G2B,0
08ASI3I,0
0995A6M,0
09OQBRF,1
0AYG0IU,1
0BEW4PK,1
0BRBW3E,1
0BVFIF8,0
0C6TAF9,0
0COV8OZ,1
0CRE393,0
0CVKGTA,1
0D598MI,1
0DIRHMJ,1
0E2L1GD,0
0EDO809,1
0EG8YRM,1
0EUIYTC,0
0EZTH7Z,0
0FBQCMF,0
0FEFBFY,1
0FG1C5Z,0
0FKEOR7,1
0FNR93U,0
0FPUQ6R,0
0FS2V1Z,0
0G32KK0,1
0G8LN29,0
0GHSO2V,0
0GJ57GZ,0
0HKYJTY,1
0HRCBPZ,0
0HS4HXM,0
0HZ0SGK,0
0HZNKPH,0
0I8D4S9,0
0IEWNLE,0
0IG9TFC,1
0J0VSK8,1
0J11QD0,1
0J8NLTP,1
0JF2IEE,0
0KI5LO5,0
0KIV90L,0
0KJ83JX,0
0LGQI4P,0
0LSG93Q,1
0MGZ7LX,0
0MOXT38,0
0MQN50S,0
0MSRDSB,1
0MYKAQZ,0
0N6C2N6,0
0NJQCGC,1
0OAUZNX,0
0OL4F1B,1
0OMLTID,1
0OY6BWD,1
0P00KVT,0
0PAPPE2,1
0PN2IUA,1
0PTKX7R,0
0PX089J,1
0QAIYP3,1
0QVH8HX,1
0R6HJO3,0
0RUSK9F,0
0S36X1H,0
0S5RPSJ,1
0SJ3H22,0
0SZIJZ7,0
0TID8MD,1
0TJC688,1
0TOAZDD,1
0U0IV3B,1
0U1TI1O,0
0U2JJH6,0
0UI62ZC,1
0VN4TA9,1
0VP4IPU,0
0VSJD2V,1
0VW4ENS,1
0W133BB,1
0W6U1P0,1
0WEZF2R,0
0WI1PKC,1
0WKE4HV,0
0WQ94Q2,1
0XA9BJM,1
0XBP65Y,1
0XIYCXO,1
0XKWIGE,0
0XSQLZG,0
0XWTUD1,0
0XYBQSZ,0
0YE8LFM,0
0YY2WTH,1
0Z10C2X,0
0Z8TVZC,1
0ZP5N8A,0
113L0WC,0
11AU4HY,1
11EROXI,1
11Q7JFW,1
12F0WZ0,0
12JBK0S,1
12K0XP0,0
12KXYR1,0
12L79QD,0
12LAA0M,0
12NPPPD,1
12TPVNY,0
12Y5X5R,0
1356UKQ,1
13B9VIA,1
143MN1S,0
14AKHZE,0
14E64YO,1
14PTJAR,0
14S5U7A,0
15E6VNK,1
15K91I2,1
15SYX16,1
16DIXRV,0
16OAMMO,0
16YCJRD,0
170T0LO,0
175ACEH,0
1768G0P,1
17OYE42,0
17WW8KF,0
180DQ5U,1
184JVY5,0
18GG600,0
18MZT4E,0
18QLQ62,0
18UUIRL,0
18YKWD3,1
19UUO43,1
19Y74F3,1
1A0VMKS,0
1A892BZ,1
1A9SMQ4,0
1A9V9ML,0
1AP8VDQ,1
1AR5HGZ,1
1ASJKAW,0
1AWLOQQ,0
1B9UMA7,1
1BB9A3U,0
1BHINKZ,1
1BRV8ZH,0
1BV9LS8,0
1BZ4SGI,1
1CE0FXA,0
1CHAISE,1
1CILLFH,0
1CUHNW9,0
1D1CUXY,1
1D8J5GS,0
1DGETB8,0
1DRQX95,1
1DSNYM0,1
1DY15LV,0
1E1C3IN,0
1EU98YU,0
1F1KOTL,1
1F7S4BX,0
1FC32UG,0
1FD0H6F,0
1FHXVVL,0
1FON9ZU,0
1FONKDO,1
1G03J8R,1
1G26QYF,1
1G3M9F5,1
1GJMKH8,0
1GORHQO,1
1GRNDTV,0
1H1949N,1
1H4EQGJ,0
1HR9YCN,0
1I1GQ3B,1
1I87VCD,1
1IBR2FN,1
1IJ9TAX,1
1IOH6IG,1
1IP9XYK,1
1IR08CE,0
1JLFW3I,1
1JM61EH,1
1K31TOD,0
1K9H7A9,1
1K9O4VQ,1
1K9S9PM,0
1LWKHOD,1
1M3V3OB,1
1M542KV,0
1MBI8HQ,1
1MG781S,0
1MHPLTV,0
1MHQM57,1
1N81W1F,1
1N8NSH1,1
1NA8QXB,0
1NSSW40,0
1NXOYQN,1
1O3ORS6,0
1O6QEW2,0
1OFPCFC,0
1OIPLKX,1
1OV9QC8,1
1OW6ULE,1
1P21O2K,0
1Q6TUEM,0
1QAE16E,0
1QKTLJE,0
1QQW9CU,1
1QXEK1Q,1
1R88X44,0
1RQD2X8,1
1RQEO23,1
1RR0Y6C,1
1RYA8B5,0
1RZN8I3,0
1SLR71V,0
1SPJ5KJ,0
1TERHVW,0
1TPBBKA,0
1UGT796,0
1UJ8VNU,0
1UM1SD7,0
1UON1RT,0
1USODE9,1
1V61S22,0
1VIMY32,0
1VP88Q5,1
1VXPHKN,0
1W7KDTX,1
1WGTE95,1
1WHGD9Z,1
1WLRCU0,0
1Y4QA23,0
1YGRUKF,1
1YIMUR2,1
1YPQLO4,1
1YPW4YF,1
1YRBDWT,0
1YSJYCT,0
1YUKTX0,0
1YW7WT1,0
1ZI8M7E,0
1ZI8ZSZ,1
1ZN0OXL,0
1ZZU3IR,0
201YBKV,1
20UYMD5,1
20ZBT5M,0
21JC8PX,1
21M5HDF,0
21Q87AQ,1
21Y1625,1
227JP4E,0
22LQQCL,0
22VCTJH,0
23HUXCY,1
244J85K,1
24DO5TD,1
24HJ429,0
24RO02C,0
24UQJ5I,0
24VH4H4,1
2510O5K,0
2561ZGJ,1
25737E9,0
25FFK0U,1
25GK2TA,0
25U943Y,0
2631X14,1
267N5A8,1
26OH07T,0
275R74C,1
2784CAE,1
27A3MXP,0
27GPOIC,1
27ZXFSM,0
289CWU4,0
28HZNAW,1
29HHTBH,0
29NSVUG,1
2AAGRFG,0
2ABSZ63,0
2AC1Z4Y,0
2AH7622,1
2AI4597,1
2AKGWGH,0
2ARTP8N,0
2ARZ1OL,1
2B2FYSI,0
2B3U82F,1
2B4LFD4,0
2BBMC11,1
2BVP5QV,0
2C29BYK,0
2CI255X,0
2CJ7OBH,0
2CT3X8N,0
2D0ZF96,0
2D53IE6,0
2D6EHYA,0
2DHVG75,0
2DK2I9W,0
2DT0PJS,0
2DWLEUN,0
2FZDZX5,1
2GLHU2R,1
2GRADCM,1
2H2K4QE,0
2HAVF9U,1
2HBAGMF,0
2HCFOE3,0
2HD6EMN,1
2IPH3V2,0
2IULJOQ,1
2J39IY5,1
2J91RQQ,0
2JJJR1T,0
2JSR910,1
2K2MG9U,1
2K3RDPM,0
2K5QZCI,1
2KYAI1S,1
2L2XPWT,0
2L3UQAQ,1
2L6PZ74,0
2LG7ELQ,0
2LHDLZ0,1
2LJOQ5D,0
2LKX7FF,1
2LLN3RR,1
2LOS5ES,1
2LQRKG1,1
2LR908L,0
2M1723N,1
2M56R6U,0
2NE9LF8,0
2NI8701,1
2O01PIZ,0
2O2VKQ1,1
2O615LV,1
2O8MDN1,1
2OGUYV5,0
2OJELUD,1
2P5J05Q,1
2P6C6WU,1
2P9A91D,0
2PF508C,0
2QGOGUG,0
2QUCZHP,1
2QXJ155,1
2RAZSFL,0
2S1SA17,0
2SN4NYW,0
2SVBW24,0
2SVV6TY,0
2TFOLIP,1
2TJW4R9,0
2TMOD9L,1
2TUDUXX,0
2U06F00,1
2U4O2QH,1
2U5W13T,1
2UU5LBG,0
2UVAC12,1
2UWMIZE,0
2UWP67K,0
2V1N6YR,1
2VKQNUQ,0
2VKUIGB,0
2VPH6G5,1
2W10P7R,1
2WMETFE,0
2WWVDEM,1
2X1581O,1
2X74CKF,1
2XEQV61,1
2XGFHUK,0
2XNO0CI,0
2XZ8RW4,0
2Y0JRLS,0
2Y6KGFL,0
2Y7QBWE,1
2YGWAXS,1
2Z3GNJ7,0
2Z7D1E4,0
2ZPD3H5,1
2ZZDX4U,0
30MTKD4,0
30SQGTI,0
3135HEJ,1
314XWHF,1
316M480,0
3197J32,0
31LQUXB,1
31OL8N9,1
31P0K34,0
31S974X,1
31VG5OD,1
31X3S4S,0
320G6KR,1
325I9UL,1
32C0A33,1
32FN3HQ,0
32I1MK2,1
32WL3RQ,1
338D1QS,1
33CICFM,1
33HCGBA,0
33VTXDE,0
34KLMJ7,0
34RG8OS,1
34SJ0WO,1
34V2JD1,1
35G6I2L,1
35JICYR,0
35JUCCR,0
35ZXXLS,1
36ET6KK,0
36UKYPU,0
36WM0DR,0
36YBCNE,0
3780D61,0
37CW7JW,1
37HY8AB,1
37SOGMD,1
37VMDPX,1
380WJDR,1
384VERI,0
38IIV7O,0
38KAWTD,1
38P7DL6,0
38SMIQ3,0
39IKGU7,1
3ADSMO6,1
3AZ7084,1
3B0USFM,1
3B2AGCH,1
3B2N7LV,0
3BLI4JU,0
3BZXI1M,1
3C89EGH,1
3CFOCEH,1
3CWVNIB,1
3D1Q7KS,0
3DOUXL1,0
3DSTX6U,0
3EF5555,0
3EZTTLM,0
3F5WLPB,1
3F65EZE,0
3FHXKYK,0
3FJUY1L,1
3FOTVHV,1
3FSJDYW,1
3FSVEYH,1
3FXC4NJ,1
3G6BH28,0
3GAFGHM,1
3GIUFXV,0
3GT7ELP,1
3H6M444,0
3HW5O7J,1
3I0E5SI,0
3I78S34,0
3IGGVY7,1
3IHZM9P,1
3JDNHYD,1
3JHJA0D,1
3K4ZNI2,1
3KG05AM,1
3KLBQWQ,1
3KLY29V,0
3KRL0KA,0
3KY2HRR,1
3L0TL77,0
3LALF1T,1
3LH8K69,1
3LI82PK,1
3LJCXKL,0
3MLVS4D,0
3MSHMQW,0
3N5GY5J,0
3N5YL9I,0
3NQIR2Y,0
3NUMWXI,0
3O5WA1B,1
3OA0G45,1
3OACKAV,1
3OBAE0P,1
3OCXWTR,0
3OH4H7Z,0
3OJJYOO,1
3OLL3A8,0
3OOLBQK,0
3OZ1ECT,0
3PJINAD,1
3PSQ5Y1,1
3Q24XX0,1
3Q78KPI,1
3QWGV4P,1
3R1U990,0
3RE4YD7,0
3RL42O9,1
3ROQRCG,1
3RQ6DDU,0
3S12X2P,0
3SCYD4I,0
3SEAAV1,0
3SJ51XN,1
3SS1WAG,1
3SSHPBX,1
3THULSJ,0
3TKP4M2,1
3U2L8FG,0
3UPC4K8,0
3UQPLRS,1
3UXYHLZ,0
3VAANJU,1
3WFAQTF,0
3X3JNXB,0
3X3WNTR,0
3X6ZPPU,0
3XV72VY,1
3XVJ4YN,1
3Y1EW0W,0
3YE6B16,0
3YJWZ4W,1
3YOY6QJ,0
3YYQCTI,1
3Z6YNGA,0
3ZICWBL,0
3ZWA47Q,0
40WNOAQ,1
41D69Z1,0
41DGDBX,1
41I2KH0,0
41NWH0G,1
41QVH42,0
41V43DG,0
42YEFMZ,0
43AGYEM,1
43MSMIY,0
43QM7TX,0
441XN7L,0
447EMXP,1
44CYNBL,0
44FT40G,1
44JR273,0
44NBH9P,1
44PIBC6,1
44VHSDH,0
44XEX1S,1
45BZ8KN,0
45L9KJX,1
45S72TX,1
45UIGDD,0
462NQ6G,0
46CCJVQ,0
46DT6LR,1
476JW08,1
47DZJ44,1
47FSAQ3,0
487R2ER,1
487XLC3,1
488IZ8W,1
48BP60K,0
48BZKV6,0
48P41GF,0
48R3MES,1
48Y2QMS,0
4984UXZ,1
49K22M5,1
49NB4TW,1
49Q5M8L,1
4A2XVF9,0
4A8L1WP,1
4AN1ETY,0
4B5MF8V,0
4BCQVLT,0
4C5B123,0
4CCL6QC,1
4COML83,0
4CQHTP8,1
4CYFZYJ,0
4D0TY7S,0
4D2927C,0
4D68TVI,1
4DT2B5Z,1
4E0BDFW,0
4E0HUGT,1
4E3EGN3,0
4E551E7,1
4E8I9RO,1
4EFVX67,0
4ENHKL5,0
4ESGY19,0
4F01108,1
4F8C4NH,0
4FZEG9E,1
4FZU00T,1
4G6OD17,0
4GEG8TY,0
4GND6PG,1
4GOWWS1,1
4GUSFBM,0
4GX8VUR,1
4H5X91E,0
4HOZPIV,0
4HPRPPX,1
4HWMHOJ,0
4HYK82C,1
4I0VOJC,1
4I3O3D8,0
4IV59U8,0
4J3FHW9,1
4J959U4,0
4J9ZLXJ,0
4JLTBPB,0
4JP46I4,0
4KBG2JM,0
4KK2ECZ,1
4KM1M1P,0
4KSURGT,0
4KTAF3Y,1
4KVCIBH,0
4LIG2U7,0
4LVI5EG,0
4MA0ULH,1
4MJL7MQ,1
4N21156,1
4N9L0G2,1
4NI9B8A,1
4NRO90W,0
4PWZZLE,0
4Q376O3,0
4QBSOU6,1
4QH4OCN,1
4QIAXMQ,1
4R1LYQP,1
4R4YHNF,0
4RPHQDK,1
4RQAUT3,1
4SB0YLL,1
4SCA2BT,0
4SMZ3ZC,1
4T9OTEJ,0
4T9RHH8,0
4TDVQEM,0
4U8E88K,1
4VE98IV,0
4VHOOW1,0
4VSKBSV,1
4VW1JG8,0
4W18QNK,1
4W7O08X,0
4WIYF9Z,0
4WSN546,1
4YIMPBF,0
4YNX5VX,0
4YX3B30,0
4ZFSWNS,1
4ZRRF39,1
4ZRSLB3,0
50EUQ0L,0
50FIBRH,0
519EJDV,0
51US2PF,1
53LLDJS,0
53PDWD2,0
542D81V,1
542SPU2,1
543T4OB,0
54RDPSL,1
54Z726T,1
55FCXPG,0
55S6JES,0
55VNQ92,0
567ZAQW,0
5682OL2,1
56EXXHA,0
56I9H5A,0
56KMB77,0
56NPSTZ,1
56W0JXO,0
57RQG8M,1
58P8DRM,1
58T7FI3,1
58W38SL,1
597XQEM,1
59A87I2,1
59N3T1Y,0
5AB1W32,1
5AR9T9X,0
5B4KJ9L,1
5B50PL0,0
5B6V98F,1
5B9U6TJ,0
5BTCLBV,1
5BUL87R,0
5C3PAE4,0
5C3SYB6,0
5D3B5KF,0
5DCUPH1,1
5DL14GC,0
5E6XVUU,1
5E8SAS4,1
5EDQ7W1,1
5EFQ9N3,0
5FFQL5R,1
5FIMOJ2,1
5FWCPID,0
5G2I6RG,0
5HEOXG3,0
5HOVN8N,1
5HUPGBM,1
5I4C4FI,0
5IC2193,1
5J7KV7D,1
5J8G32Q,0
5JHYA2L,0
5JJQGZX,0
5JS3778,0
5K809A9,0
5KD0JFS,0
5KW9KDE,1
5LNAVH7,0
5LTEML8,1
5LZRLDI,0
5MAHPKR,0
5MXINK3,0
5NRST2I,0
5OK8GBX,0
5P7C0AN,1
5PQWEO2,0
5Q85LZ1,0
5Q93Q9C,1
5QLY29M,0
5QT0CKS,0
5RGOV9J,0
5RH3ML9,0
5RMTJFN,1
5RRSNX8,0
5S4FM6E,0
5SVOBDN,1
5T0NQNC,1
5TEUB2O,0
5TK6Q6V,1
5TL6ZHR,1
5TQAMK8,1
5TQU4WR,1
5TRKUIB,1
5UA61AO,0
5UHKF9I,0
5UNWWXZ,0
5UQWWTO,0
5V72SEU,1
5W5B7G5,0
5WHN8X7,0
5WYYXJ6,0
5X0TO3K,1
5X9DBLA,0
5XAI6D6,0
5XC37WT,0
5XJ18VT,0
5XO1VJJ,1
5Y3A8BE,1
5YCSP6V,0
5YFBNIV,1
5YHDZFC,0
5YV4WQF,0
5Z1BALW,0
5Z6I5U9,0
5ZDFTAE,0
5ZETLRN,1
5ZQ0W7S,0
601083A,0
606NEYQ,1
60S0PH4,0
60W2YPO,1
60ZAZSF,0
61JUKPE,0
61V1VLK,0
61V7TLI,0
61WJKEQ,0
61XRJ9F,0
61YHUPM,1
62PA5ER,0
636FWY8,0
63DYHKN,1
63H3SYA,1
63HEUQN,0
63HF165,1
63XEAW4,0
63Y3KE7,0
644U7VF,0
645ADGM,0
64A9X07,0
64Z2XN4,0
64ZCGQF,0
65DFG16,1
65F160A,0
65KWFXT,0
65MICD7,0
65U8Z66,1
65W54GY,1
65ZO1JA,0
668QGOM,0
66M9ADQ,1
66SR1VL,0
67LQS3M,0
67XKSR3,1
67YV8NK,1
683MG74,1
6849PGG,1
68NHKW0,1
699PEXB,1
6A4SQ6V,0
6A8UDMH,1
6AC7IOY,0
6ANHTUM,1
6BN72MC,1
6BUHI5A,1
6C2MXIJ,0
6CJW64W,1
6CSH42B,0
6D17H92,0
6D60ZIO,0
6D7K301,0
6DGFX3G,1
6DN449R,0
6DXTRT4,1
6E7U3J2,0
6FE1VYI,1
6FLE0NQ,1
6FVS0UE,1
6GESQS3,0
6GL25ZE,0
6GRJ8VT,0
6GSMVEW,0
6H5G06R,0
6HLCE05,1
6HZL8Z1,1
6I37JUV,1
6I77MTH,1
6IK0BHJ,0
6IM3FDM,0
6IOTXI6,0
6IX9QY1,1
6J67ZMY,0
6J6D8I2,0
6JEYVLP,0
6JFEWTM,1
6JKHKXU,1
6JSEO5B,1
6K3O0LW,0
6K7JUSR,0
6K9C54Q,1
6KAEC3N,1
6KCQ5JJ,1
6KRSQVK,1
6LMQYZE,0
6LQBFPC,0
6LYAYBH,0
6MMI1RC,0
6MNDV4T,0
6MY8F6V,0
6N2O52Y,0
6NAC8BV,1
6NAULSX,1
6NH3AX4,0
6NJQMYS,1
6NW6V26,0
6O2HJP2,1
6OHI5EP,1
6OSKBIM,0
6P7K3PH,0
6PLX85E,0
6PLZ03S,0
6QEYJQ4,0
6QGYPS0,1
6RE9WU7,1
6REMX5Z,1
6RFVSWF,0
6RUGZD7,0
6RWIK4W,1
6RWJVDP,0
6SFYBBN,1
6SL48NX,0
6SNALK4,1
6T11HPK,1
6TGHF7G,0
6TSOTUK,0
6U82NK7,0
6U86LWB,1
6UXAD0C,0
6V1LSLR,0
6VOE72D,0
6VQYSYR,0
6W55QIO,1
6WIKZA4,0
6XH94QP,1
6XLUCSR,0
6XUADYP,0
6Y06EO6,1
6Y8D9WK,1
6YWGCLC,1
6Z614K9,0
6ZDBTP1,1
6ZMGQZM,1
6ZP48JK,1
6ZWQOGV,0
6ZYACOB,0
70R9QYC,0
70RHUXF,0
70RQS6J,0
711ZYEQ,0
718SQJL,1
71LZLY3,0
71RTJ1H,1
72DLJBT,1
72FP16X,0
72QXLMW,1
72Y49VQ,0
730WY8I,0
73AOIW9,1
73DNZU2,0
73Q1LWK,0
74DW007,0
74KMVXE,1
74M8WXW,0
74QJ7D5,1
7545YI0,0
75486RH,1
763DTAV,1
76ILCPX,1
76PJNB8,0
76QSAEM,0
770ADXK,1
77SWLN9,1
77X4M6R,1
78CCJ1W,0
78I3LO2,1
78N1D07,0
78S6Y0K,0
78Y5THE,1
79L4P0R,1
7ALCHGD,0
7AOPQ7I,1
7ATNABD,0
7AXGX5N,0
7AXWSZ8,1
7B58W8F,1
7B6Z115,0
7B7Y1AR,0
7BFZAPB,0
7BIQNA0,0
7BQ1T4I,0
7CEBEHH,1
7CPR6R1,1
7CRMA4A,1
7CWYG5G,1
7DC8WX2,0
7DJ6GXA,0
7DNF7J3,0
7DP4IRV,0
7DS4SKW,1
7DWXMQY,1
7E691VP,1
7ESW1SZ,0
7FB748D,1
7GZYO3D,0
7H6F3PJ,0
7HBIKEH,1
7HCN8G3,0
7HJQ7CZ,0
7HSCQJM,1
7HW4BSL,1
7HZUZXX,1
7I1HYH0,0
7I1LUMY,0
7I9HF9M,1
7III64V,1
7ISZM8B,1
7IUE1AR,1
7JEVHIT,1
7JRLHSQ,0
7K65MFA,1
7K74VWH,1
7K7L2ML,0
7KC6FD2,1
7KUIXXW,0
7KVCTDH,1
7L11AQF,0
7L1QY8Z,0
7L5CZWD,0
7L7M8J6,0
7LB8AP1,0
7LM8WNB,1
7MB3CWX,0
7MB4B3F,1
7MB9CN1,1
7MI9SFB,1
7MKNEUA,1
7N64CR3,1
7NELUMG,0
7NQ9PAK,0
7NR24KO,1
7OQYKCV,1
7ORGNYK,1
7P5B1FS,0
7PF8LPD,0
7QZHM71,1
7RVPYO5,1
7RZZD7L,1
7S2U4U5,0
7S8MDLL,0
7SGAMP2,0
7SLLMBO,0
7SMI4MK,0
7SZ9RM5,1
7TCHSXC,1
7TOS13E,1
7UKFA7S,0
7URN926,0
7UU5VYX,1
7V2332A,0
7VER1BP,1
7VJVSTX,0
7VMJ2O9,0
7WAGB86,1
7WEOQSA,0
7X1VG7O,1
7XBF01I,1
7XDFNX5,0
7XLFXI7,0
7XUSFIH,0
7XX101A,1
7Y0GYAU,0
7Y0M374,1
7Y4QV3V,0
7Y6D01C,0
7Z1Z0CR,1
7Z2GNSF,1
7Z3BIUA,0
7ZD7Z4J,0
7ZH5WAJ,0
7ZZ8W3K,0
801WUDB,0
80I6IP7,0
80IG240,0
80J2EKL,0
80K1GCY,1
80QA00S,1
80UY1GB,1
810FI4T,1
810XP4K,0
817MAPV,1
81FOB1Z,0
81QNVAT,1
81ZDS4O,0
8232P8E,0
8297J7C,0
82OB875,0
82ZMS27,0
83JPSIE,1
83M3D6U,0
83NJU2D,1
846NLDV,0
84QM19R,0
84VO8ZW,0
84XWM6C,0
854V6UG,1
85JUGZR,0
85OB6ZC,1
85VF2IW,0
85WVVII,0
86HV8O6,0
86IDRUH,1
86MCHH1,1
86XSH2I,1
873ZINE,1
87F8FOW,1
87W6BH3,1
88CDX1I,0
88QSD9E,0
88WQUVE,1
891LI26,0
895GZT2,1
8A06DUD,1
8A3L9TV,0
8A4GDV4,1
8AITLOB,1
8AVGUUO,1
8B73ONC,1
8BGO1Y3,0
8BIKNAU,0
8BKKZM2,1
8BY93PD,0
8C66E3Z,1
8C83IUG,1
8CBS6DL,1
8CSKPJM,0
8CY8NDY,1
8CZR1LF,0
8D7NPOM,1
8DAVEUZ,0
8DKN0GY,1
8DQGHCG,0
8DU6ZHR,0
8EI0QE5,0
8EM5IXU,0
8EMDQRO,1
8EO64CU,1
8F7DOSU,0
8FBLISE,0
8FNBBUQ,0
8FR72GB,1
8FZC0SM,1
8G6P38J,0
8GECFBJ,0
8GP2S34,0
8HCPTJZ,1
8HGGZJE,0
8HL55JT,1
8HQMEO6,1
8HTK1W3,1
8HVOKXN,1
8IBUVCA,0
8IPSWAA,1
8J717T7,1
8JB9PB3,1
8JL4M4O,0
8JMDAF4,1
8JTYTK5,0
8JWH7OA,1
8KJMIOE,0
8LJANQW,0
8LK5E68,0
8LKDEV8,0
8MA34FL,1
8MC8CMZ,0
8MKFZJO,0
8MNOUJT,0
8MX4FEI,1
8NIKH2X,1
8NQXT1E,0
8OH1PQW,0
8OJ7UQG,1
8OMGZ9J,1
8P0YVNS,1
8P1UAO4,0
8P6MQ33,1
8PLHP12,1
8PQLSGJ,1
8PZU2NJ,0
8Q90QCI,1
8QB3YXM,1
8QKS21F,0
8R4YY9U,0
8R7NY1W,1
8RTVYVQ,0
8SJRLC0,0
8SSN3XJ,0
8T4A0PY,0
8TGV9ZF,1
8THS9YO,0
8TJ3OWY,1
8TOR0F6,0
8TU80AY,0
8U7HI0C,1
8UG0JMI,0
8UGA6V5,1
8UIW64K,0
8UUA4WI,0
8V3R0TR,0
8V4I3J3,1
8VZFT21,0
8W25U0S,0
8W2KT1L,1
8WII4K8,1
8XQOH5A,1
8XSGO85,1
8YH8M4T,0
8YKW72J,0
8YLI1EJ,1
8YS7CTS,1
8YW5S9W,0
8YZ9EZW,0
8Z5TOFH,1
8Z6Y4DJ,0
8ZG1KOO,0
8ZN51GT,0
8ZPJNQ6,1
8ZSID4U,1
8ZYO16C,1
8ZYS3LL,0
90A44G9,0
90CB287,1
90PZM8H,1
90QPOX2,0
9109CJ3,0
91BJX6L,0
925DVG4,1
92LGNIM,1
92YSVHG,0
93GBJMP,1
93J9V24,0
93QZ9EK,0
93VH86X,0
93ZHN1R,0
9445TL3,1
945483Z,0
94EWRCD,0
94FBGEE,1
94LZJ5B,0
94O2ODJ,0
95AR484,0
96EY6QN,1
96MFYVH,0
96R43NJ,1
96RE34N,0
96W2461,0
97L8AQ5,1
97QYD1C,0
9850WGO,1
989BHGI,1
98T2YQ7,0
99ERX3R,0
99U23Y4,0
99UCALJ,0
99WA45E,1
99ZPLHQ,1
9AFR086,0
9AG5KT7,1
9ALJE5E,1
9B13OWE,0
9BBJBPF,1
9BFV1B7,0
9BYFZ8W,0
9C9JJRH,0
9CKI2UC,0
9CQWOJF,0
9D124OR,1
9D22AZT,0
9D2ZKY0,1
9D7HOJH,1
9D9VOHX,0
9DG3ZLX,1
9DH4HYC,1
9DI2662,0
9DOJLPF,1
9DWF42Z,0
9E027WX,1
9E1NCG0,0
9E67VDC,1
9EE2IJX,0
9EM97L6,1
9ENA12U,0
9EU4QW1,0
9EWJQH6,0
9FCMYFD,0
9FKXNBT,0
9G9ICCK,0
9GI6YKH,1
9GLSTNN,0
9H79TBJ,1
9HMSW2V,0
9HXU1RM,1
9I792H1,0
9IIFSQI,0
9IJ22GA,0
9IJJCQB,1
9IQYVSG,1
9IVL4S1,0
9IYOZVW,1
9JWL0PW,1
9KFTCP6,1
9KRD2TT,1
9KTZ0AP,0
9KWQ83C,0
9KZIKEG,0
9L0595F,0
9L3TP47,1
9LEMRZ6,1
9LIW20W,1
9LNHCD0,1
9LR9KY6,1
9M3KVVR,1
9M5IDAL,0
9MC6FLY,1
9MTNTPM,1
9N42TZL,1
9NDOL16,1
9NDS9C9,0
9O1JGZH,0
9OBM15I,1
9OJCYG0,1
9OKEHR4,1
9OYUARM,1
9PEMM2Y,1
9PFFSRQ,1
9PH4QRV,0
9POXGLW,0
9QC5U0I,1
9QCUYC7,0
9QGR23A,0
9QSLMJO,1
9QXRUS9,1
9QZB2KG,0
9RCGSQG,1
9RNM1U9,1
9S4N8ZN,0
9S81WZ0,1
9S8OYKH,0
9SHO7PR,0
9SJFJXD,0
9SWSG86,1
9TASG5K,1
9TF3XTH,1
9TJAIEG,0
9UV9BDH,1
9UXL5VE,0
9V3FKB9,0
9V7ZSL0,1
9VCH5K0,0
9VHAM97,1
9VRF9HA,1
9W6HWF7,0
9WDZOMB,1
9XBHRQC,0
9XI3T49,0
9XI4SHG,0
9XIUQ6X,0
9XSE96G,0
9Y14HPH,1
9Y5WSCF,0
9YEDPVE,1
9YTLV40,0
9Z4L7R0,0
9ZB0QTY,1
A0MDIY4,0
A0W3TVR,0
A0ZNWZ6,0
A1GC9KN,0
A1KVBQJ,1
A1YSYCA,0
A2QQVHR,1
A31H9ND,1
A36KCX3,0
A38B8WE,0
A3MJUGV,1
A3SMKY2,1
A49FZ2X,1
A4LDWYT,1
A4Z1WUW,0
A5EDCDU,1
A5IRGUL,0
A5O8EWG,0
A6MR659,0
A7FDNDN,0
A7TR73S,1
A81R5DZ,0
A86S2NZ,0
A8AIUY3,0
A8XFU1B,0
A8Y237Y,0
A8Y49ZJ,0
A92JKLT,0
A97IQ89,1
A986X8E,1
A9IUECA,0
A9UBY5R,0
A9UHF52,0
AA1KVIB,1
AA4ZXQE,1
AAJSA05,0
AANL8VL,0
AB3XDY7,1
ABOPEC5,0
ABTUOZL,1
ACCBLIW,0
AD4EUVQ,0
ADDGR1W,0
ADIW8C5,1
ADMDMEG,1
ADP9NA1,1
AE4JZTU,0
AE89QN2,1
AE8OK4E,1
AEETQ8W,0
AETI2G5,1
AF6PKNW,1
AFH5FHF,1
AFIMQ6E,1
AGBLPDQ,0
AGES36G,0
AGKC77D,1
AGMJY5T,0
AGW174J,0
AH7CU1P,0
AHTUV55,1
AID44YE,0
AIEA1G7,0
AINMJ7Z,1
AJF93AM,1
AJG3CAC,1
AJHPJI6,0
AJLCMXI,1
AJPPU9E,0
AJTFYAG,0
AJWX7XT,1
AKVAKMC,1
AL1RNZN,1
AL3KEWU,0
AL40CGX,0
ALPB0G3,1
ALSEPDM,0
ALUIJH5,1
ALZ0LSZ,0
AM92PZB,0
AM98BC5,0
AMDNLXG,0
AMLBG29,0
AMRBEUB,1
AMVPNZL,0
ANG2MMD,0
ANW5U9Y,0
AO7C63V,0
AOBN7E9,1
AOIHK36,1
AOSJQK1,0
AOVPUZ6,0
AP4YJJ7,1
AP6N4ZS,0
APP11PP,0
APQJJD3,1
APUBDWS,0
APYC3T5,1
AQENFN0,1
AQFAN4F,1
AQGZYHV,0
AQYJ37W,1
AR1SMSP,1
AR6W7UV,0
ARBYRSI,0
ARWU38Q,0
AS3SFJP,1
AS85O9M,0
ASDEP72,0
ASNHE1Y,0
ASY4GQS,0
AT10WLN,0
AT2SJB4,0
AT2VVTY,0
AT4KE7V,0
ATEQDPN,0
ATF0Q95,0
ATUGFV8,1
ATZOXLP,1
AU0PZ0L,0
AU9H77W,0
AUCNYLV,0
AUSE0ZN,0
AVDKPKO,1
AVEQQ82,1
AVIUMIQ,0
AVM2820,0
AW968WA,0
AWGSUL4,0
AWVP3SH,0
AWWMS3V,0
AX1166G,1
AXDZ22T,0
AXXKB3I,1
AY6NRZG,0
AYHC652,1
AYYY0A3,1
AZ0ISYU,1
AZ56NLM,1
AZ6OFW5,0
AZEZD5A,0
AZF9T0Y,1
AZK93V5,0
AZQW9P1,0
AZUF9GZ,0
AZY7EC6,0
B05GH9K,1
B0KLR3T,0
B120LGC,1
B1GAVTG,0
B1GV8LW,0
B2CD26W,1
B2H05FO,1
B2PG2VB,0
B2XCG0K,1
B325MJI,0
B332EPW,0
B34PO4F,1
B3TC7QF,1
B3TV4GD,0
B4FW1EV,1
B4HDDLX,0
B4N8E43,1
B4VMPP9,0
B51HDLA,1
B5N5ODJ,0
B68XROR,1
B7BHX9P,0
B7KCLS9,1
B85PBLX,1
B8KFHGP,1
B8LTHQV,1
B8NX7IF,0
B8PRXZO,0
B97AMF5,1
B997VV0,1
B9AQY95,0
B9LSNI8,0
B9QQTLV,0
B9UGW0D,0
B9ZIUHV,0
BA23ETV,1
BA2X381,1
BA5HNHU,0
BA66SKC,0
BA8E9T9,0
BAGOZ7V,1
BAH84LK,0
BAY1MG0,0
BB3NZ0J,1
BBFHIGX,0
BBH4E59,1
BBZDUG5,1
BC8UNY0,0
BCLQ2VJ,1
BCN9NPC,1
BCWN2KB,1
BD6739G,1
BDDLILU,1
BDX0YBL,1
BE31PG8,0
BEM8FSQ,1
BENB5D1,0
BER0932,0
BFB0MZ8,1
BFG7I9X,0
BFI609U,1
BG5MR9V,1
BG68IGT,1
BGAZVL9,1
BGGE5XU,1
BGHZ2QS,0
BH6LJZ3,1
BHG9VIT,0
BHMALH2,0
BHZIGW9,0
BI611IJ,0
BI83II5,1
BIASRNF,0
BICGLA0,0
BIN4BWL,1
BJC1SN8,1
BJCQ72I,0
BJQU82Q,0
BK0E7BI,0
BKE0GS3,1
BKPJJBQ,0
BKQDDWK,1
BKTESPE,1
BL483I6,1
BLG3FT7,0
BLOFUCJ,1
BLP4E42,0
BM11E8I,1
BM9DAPT,0
BMBPVJ8,1
BNDS1AG,1
BNLC1YN,0
BNOA2SI,0
BO3IAH2,1
BOAZRSZ,1
BOBWIZ6,0
BOJVSZ1,0
BOKU274,1
BOM463R,0
BOPL2VU,0
BOWBY42,1
BP4HAN5,0
BPA0LU0,0
BPD4AVF,1
BPFLTP5,1
BPYPD4H,0
BQ0INL0,1
BQ0KWLR,1
BQ4NUZJ,1
BQ9BE7Z,1
BQ9MD5W,1
BQD91FQ,0
BQLKXVF,0
BQTKP2X,1
BQTXFO2,1
BR7V1B6,0
BRFV1CT,1
BS54GIP,0
BS6Y5AE,0
BS72NCF,1
BS7I4E7,1
BSHOKGG,1
BTK9ZHN,0
BTRWPKT,1
BTSGXE8,1
BU1DQMR,1
BU3JH1P,1
BU3R3DX,0
BUHIRPK,0
BUKG64T,1
BVLHKA6,0
BW0VJB7,0
BW545IP,0
BWDLPA4,1
BWPU4Y2,0
BWWV14M,0
BX0CYIZ,0
BX1PNZ6,0
BX27TPW,0
BX7EMCE,0
BXEQN60,0
BXEW3DI,1
BXGVN54,1
BXHF7I6,1
BXOR2L2,1
BYJ6T5I,0
BYN2JKK,1
BYQGSLK,1
BZBOEUR,1
BZFOS1K,1
BZHFQCF,0
BZPWD41,0
BZXC7ZY,0
BZXPYDI,1
C00HQJZ,0
C06VJ0D,0
C0X1Z7E,1
C16RWLT,0
C1FKAW8,1
C1MF139,0
C1MOQTA,0
C1OSR8U,0
C1SIX0Q,0
C24C4ZI,1
C2CYCWK,0
C2GERS9,0
C2KDY30,0
C2QEILB,0
C2W5M45,1
C2XGD2Q,0
C3E4LCE,1
C3M49EG,0
C3QKJUQ,0
C3QZT5Q,0
C49D8YN,0
C4DL780,0
C4KKETQ,0
C4ZA4LG,0
C503V6Q,1
C56MFN3,1
C5GBUTB,0
C5IHY1C,1
C5LVOAY,0
C60ZIT3,0
C6FCEBS,0
C6M0YHC,1
C6NMQJS,1
C6TX181,0
C71D3A7,0
C7NSXWJ,0
C7NTQE7,0
C7RZXS2,1
C7U3UVO,1
C8CCIA2,1
C8DQZT9,0
C8ICOIF,0
C8X160P,1
C9FBWRV,1
CA1VR5R,0
CA5CHMN,1
CA5JTDM,0
CA7ZGED,1
CAYB8EF,0
CB3X029,0
CB5P4TM,0
CB61XZO,1
CC1G80E,1
CCQ9BMN,1
CDCOJF0,1
CE2O47Y,0
CEBRGZX,1
CEFAGHF,1
CELOCPP,0
CF3LVGW,1
CFHS0ET,0
CFM74B5,1
CGOTR11,1
CGQJ89F,1
CH58LE2,0
CHAB2HW,0
CHAY5NZ,0
CHL6YQ1,1
CHLS0Y4,0
CHQ2Q0I,0
CHYBRH0,1
CI0F8ZJ,0
CI1AL7Q,0
CI9ZS3W,1
CIF0WXA,1
CIOSEM2,0
CIPD0VS,0
CIX838X,1
CIXNIAP,0
CJ1DUGO,0
CJGJCMA,0
CJHCZSM,1
CJKTFOT,1
CJRQM6R,0
CKE1AM1,0
CKQITYN,0
CL5JDMN,1
CL9UUCD,1
CLJ0CLG,0
CLS9I02,0
CLXISYK,1
CLZB6O5,0
CM784ZW,0
CMI6RQG,0
CMO714M,0
CMP77CK,1
CMQY9DR,0
CMRTJBR,1
CMW12PT,1
CMYI7J5,0
CN10Z5Q,1
CNLWXQM,0
CNS5HE6,1
CNV3Q33,0
CO14RKW,1
CO80QNU,0
COFE61J,1
COWZPCL,1
CP8BNHM,1
CPD05VQ,0
CQ2AYPT,0
CQ6B42P,1
CQDXX50,0
CQMWVA7,1
CQZX0IF,0
CR8Q1P3,1
CRKGW6W,0
CRNBXBD,0
CRQM6SZ,0
CRQRX30,1
CRT7BQS,1
CRX1ZS3,1
CS8N34X,0
CSC2KIG,0
CSFMSWE,0
CTV452K,1
CTVTFW0,1
CUDZU6G,1
CUWCG03,1
CV2ZI8A,1
CV6C1D4,0
CV8E5KI,0
CVB2NV4,1
CVGHV4Z,1
CW7EMY5,1
CWEM1SG,0
CWKRR27,0
CWLGV72,0
CWXI0H6,0
CX2VNG5,1
CX6AUI4,0
CX9F4HQ,1
CXGDXHZ,0
CYLFQ08,0
CYO28X0,1
CZS3MPE,1
CZSTW6W,0
CZZQVK2,0
D09GVO4,0
D09PWXH,1
D0HNJ2E,1
D0J8CM2,1
D0MYOSH,0
D0TBWUM,0
D129846,1
D12HD7Y,1
D1A2Y4C,1
D1DDZOH,0
D1HE2OH,1
D1I9WUT,0
D1SFWTH,0
D1VMRRZ,0
D1X94IB,0
D25GRV7,0
D2PWK2I,0
D2UVEIS,1
D33HFLQ,0
D35H932,0
D39794I,0
D3CVNCJ,0
D3F659R,1
D46Z0PP,0
D49DSMP,0
D4B39A9,1
D4FHBS3,1
D4R3HDT,0
D56OJZC,0
D5VXAZA,1
D6EVOW8,0
D6OOBG7,1
D6QF4ZS,1
D6SY1XV,1
D6ZJ8ZX,0
D71U60I,0
D733O9D,0
D7B8G78,0
D7EECAQ,1
D7GRYHH,0
D7RA7IQ,1
D86PHYS,1
D8B80VB,1
D8GN1Y7,0
D8MUQAZ,0
D8N5XF8,1
D9OKSKR,1
D9WDTGM,1
DAA0KOY,0
DAC4Z3C,0
DADJZBU,1
DALAH00,0
DB6J96Y,0
DB6Y06X,0
DB9G2UU,1
DBRNSHR,1
DBS6JZY,1
DBX22WN,0
DC0WQI2,0
DC46ZJ3,1
DD6GBQ0,0
DDPYQ4W,1
DE3HDS6,0
DEAQIQO,1
DED56CX,0
DEJW3IQ,0
DEKYC13,1
DF2BBOU,0
DF2ULTO,1
DF4J1LC,0
DFIRXOK,0
DFM3RBK,1
DFTORW8,1
DG4O9PP,0
DGBT74M,1
DGDLPRN,0
DGFJXDE,0
DGQW52R,1
DIDULLQ,1
DIGHE6C,1
DJ0KA9I,1
DK2MJUJ,0
DKLTX19,0
DKRK5XX,1
DL2D43U,1
DL4KXDD,0
DLL6003,0
DLLE42K,0
DLP4VDA,0
DLWKQR0,1
DLX5GFU,1
DLZS4AT,0
DM13VTV,1
DMBU1AW,1
DMLC7T1,1
DMMECC4,1
DMOPH3N,1
DN1EZBJ,0
DND0RHO,0
DOQTA3J,1
DORUZHM,0
DP2ZM4Q,1
DP35K11,0
DP5QDU3,1
DP6ONEU,0
DP8VRW2,1
DPGUGYV,1
DPPYL00,0
DPXLY5J,0
DQ4Y6X8,1
DQBJ4JO,1
DQFX4EA,1
DQKXOLT,1
DQVT7EJ,1
DQVY09B,0
DRHXDAG,1
DRPV0PB,0
DS6LTTN,0
DS8STZ6,0
DSIZ8SI,0
DSZUOY1,1
DT3XHX0,1
DT65B4K,1
DTF1KV8,0
DTGJYCW,0
DTILH6Q,0
DTOCSH6,0
DTW1LHO,0
DU1GJ98,0
DU9OUVE,0
DU9SL7L,0
DUC6ZA7,0
DUEJJKU,1
DV93B4R,0
DVCN54P,0
DVJFDXP,0
DWHAI23,1
DWRX983,1
DWSRG0C,0
DX2QVTX,1
DX98XID,0
DXOSTHP,1
DY1XEDQ,0
DY53LEN,1
DY6ZDSY,1
DYNVOIT,0
DYSA113,1
DYT1WW6,1
DZC5ZN0,0
DZGMMKH,1
E09XLIJ,0
E0FVKV1,0
E0G1G7P,0
E0LSD7R,1
E1H8VNL,0
E1K5ISE,0
E1PK1PG,0
E1SR20G,0
E214ECO,0
E21TUFR,0
E22DRWN,0
E2HMNYE,1
E32E1DH,1
E37YDFX,1
E3GRGTG,0
E3HY6IR,1
E3K4I95,1
E3UG13T,1
E3VGMB5,1
E40591V,1
E42P0UN,0
E4CQL7Q,0
E502FBQ,0
E5K0Z0O,0
E5MDXVS,1
E5ROM0Q,1
E5V5CLH,0
E61IS7C,0
E62SOEJ,0
E64LL2E,0
E6K3S7T,0
E7HNKJE,0
E7JTM99,1
E7OTDKP,0
E7RVNFA,1
E7TE2P1,0
E87BQ2S,1
E8AB9YJ,1
E8R8O6Z,1
E8RBSQA,0
E8Z60CO,0
E8ZBSPF,1
E8ZZ5VK,1
E93NEY6,1
E93OM6J,1
E96NJM1,0
E9LFQCG,1
E9RQU2Q,0
EA0143K,0
EAAPIQM,1
EAE0SH8,0
EAK2IS3,1
EB606PZ,1
EBHND2W,0
EBVD23V,1
EBZ8ZL1,1
EC679CN,1
ECQ472I,1
ECWTFZS,1
EDEPE3U,0
EDKHQ8C,1
EDM5W9X,0
EE5A1DZ,1
EE84W84,0
EE9IB9T,1
EEDCWRK,0
EEQ3TJI,1
EEQG1HR,0
EF092Q1,1
EF10Y2H,0
EF5LF0D,0
EF9G30Y,0
EFBLEOZ,1
EFHTJ3Y,0
EFTGV9S,1
EFU54YB,1
EFZQ9EN,0
EG55BBB,1
EGCZ270,0
EGGN97A,1
EGKGOTC,1
EGRWX2B,0
EH180G8,0
EH8PCMK,1
EHBR3WQ,0
EHDPP32,1
EHKJRB2,0
EHMO21H,1
EHMY4L4,1
EHS6UDH,0
EI26OYE,1
EI7QIA0,0
EI7YKUR,0
EIBSURI,0
EIE0U0Y,0
EIKJK6S,1
EINRVNS,1
EIQQK58,1
EIYMCY9,1
EJ83BQX,1
EJNQ1P1,1
EJSFAH5,0
EK22KNA,1
EK6CXV3,0
EKRSH5E,0
EL2T5DJ,1
EL5EFE2,1
EMHAUHE,0
EN19AP2,0
ENAJ47X,1
ENIKDJA,1
ENMGFRK,1
ENU9OCI,0
ENWW5U1,1
EO1GGMM,0
EO94TQW,0
EOZ9B3Y,0
EPIGKUM,0
EPJO0PI,0
EPNAPJO,0
EPU4A76,0
EPV0IZA,0
EPYTBWL,0
EQGWEOS,1
EQHFGWJ,0
EQKCODV,1
EQSU74E,0
EQWY2U2,1
ER9JUTI,0
ERDKKFQ,0
ERL386R,1
ES38BWR,1
ES6LAT9,0
ESHCXA3,1
ESTOX90,0
ESX05B8,1
ET6LDCE,0
ETAV79U,1
ETJFVE7,0
ETJW7S8,1
ETO0XED,1
ETOJ4LV,1
ETSD8Q4,1
EU06A4C,0
EU3CYTV,1
EU3JL3I,1
EU4WG71,0
EUHCJB6,0
EUO56DS,1
EV2OKWR,0
EV9AY8R,1
EV9P7X3,0
EVETA1O,1
EVK2IX8,1
EVLH576,0
EVZ35AS,0
EVZ8HYS,1
EX12QR7,0
EX5LM1O,1
EX9F71H,1
EXB8406,0
EY992CA,1
EYBNZ66,1
EYQAAYO,0
EYTXTDO,1
EZ27Z7V,1
EZ5Q7PB,1
EZ76118,0
EZ8SYPE,1
EZQD5FW,1
EZRIS57,0
EZRU9XP,1
EZUBHBV,0
EZZ95OQ,0
F0CGZU5,1
F0CNF8J,1
F0ES5JA,0
F0ISD5J,1
F0J5UNE,1
F11ZYKL,0
F1HI0FQ,0
F21AUU9,1
F2N2HTH,0
F2OFEGS,1
F2QHXKX,1
F2QYIRM,0
F36CUI2,0
F39LP17,0
F3OG44O,0
F43GGTP,0
F4AEJLI,0
F4DYSC0,1
F4ISBFJ,1
F4KO58F,1
F4YEIQ8,0
F59VZIW,1
F5OLX6Z,0
F5TRDFJ,0
F5VRV0D,1
F5WDNFM,0
F6I4HG9,0
F6KF56A,1
F770XGH,1
F79I3T9,0
F7ADF15,0
F7VOTG6,0
F8AQFZM,0
F8D6QUJ,0
F8EGZ1E,1
F8L2OUL,0
F8N6SXG,1
F8QI0ZX,0
F8TQJZR,0
F912B9I,1
F9E0WPT,1
F9XL0MW,0
FAAPJXY,0
FAXPQIT,1
FB3C6BI,0
FB7AUOD,1
FBFGU8Q,0
FBH9JU8,1
FBKAK67,1
FBSN1O9,1
FBYRFRE,1
FBYX00K,0
FBZX5BP,1
FC3VO9N,0
FC8ACCW,1
FCA9B9E,0
FCD17O0,0
FCE941K,0
FDFTO2R,1
FDOLKIV,1
FE9KYOI,0
FEL1PBO,1
FEYAMWZ,1
FF7WR3W,1
FFMWMV4,1
FFYEDLN,1
FFYPCDT,1
FG3B7PP,1
FG63ERP,0
FG7APWP,0
FG89BRF,0
FH7IC06,0
FHDWC1A,0
FHSEGO5,1
FI5D007,0
FIAZ16H,0
FIE3TQ3,1
FIM3D11,0
FIPYIGK,1
FIYEQVN,0
FIZOH1V,0
FJ25ZXG,0
FJG8R0M,0
FJHL17S,1
FJNZ497,0
FKRMF0N,1
FKZ9DPO,1
FKZT8EO,0
FLJKGM1,0
FMH6NOV,1
FMXSEKP,1
FN09UYX,1
FN8WUFE,0
FNGCGEW,1
FNTJBQN,0
FP4R7JE,1
FP76C2T,0
FPC0TOG,0
FPOV2CT,0
FQ5FD54,0
FQI6DHE,1
FQIEBB4,1
FR3U7U2,0
FR44CZY,1
FRCHYB8,1
FRTEVGR,1
FRUXTK3,1
FS5NHLA,0
FT2KJQ3,1
FT6NQZI,1
FTB4H5T,0
FTEJW3H,0
FTI76PF,0
FTORSAF,0
FTY91VP,0
FTYEFBE,1
FU1KTCM,0
FU7PVVZ,0
FUALJSN,0
FUKHSKU,1
FUQO1XD,1
FV0S15A,0
FVOK1K2,1
FVURLST,0
FWBT6OC,0
FWML6S7,0
FWT24SV,1
FXAPD82,1
FXIOKEI,0
FXNZJHM,0
FXQBFNG,0
FXUV68M,1
FXWZ958,0
FY0Q75E,0
FY0YWRG,1
FY538AK,1
FY6M966,1
FY78IFO,1
FYGZKPZ,0
FYKKG2Y,1
FYKL018,0
FYTXCAF,1
FZ8JAQ2,1
FZIBY4I,1
FZJIIE8,0
FZK2UEI,1
G02M50T,1
G0CJS6G,0
G0DLFED,1
G0IB01B,1
G0XQL82,0
G1JX9H1,1
G1LSV2E,0
G1PK8SU,0
G2304PA,0
G25TVMT,1
G2CYS82,0
G2JAXSQ,1
G2MAV0A,0
G2MONTI,0
G2NA7I3,0
G2NEMFS,0
G2P23BV,0
G2Q23XY,1
G2Q7ZN9,1
G315AQS,0
G3DNEWM,1
G3TH7MN,0
G3YM4FA,0
G3YR6WI,0
G41YLTM,1
G4PAJIS,1
G4QOTH8,1
G56ZNP3,0
G5DX5Q2,0
G5FRXA6,0
G648EML,0
G6A99D8,0
G6ODGXO,0
G6P8N1Q,1
G7B7DE7,1
G7K0O8M,1
G7NFBU0,1
G7OMHH1,0
G82UV82,0
G8B7YGO,0
G8UAETL,0
G9HIN5F,1
G9PGRUX,1
GA4LTSD,0
GAC363V,0
GAL92DH,0
GB0JQPV,0
GBHZ9YP,0
GBLGHOH,0
GBQ15LV,0
GC4UVUW,0
GCE3AAL,1
GCPW5C8,0
GD10USW,0
GDC7P8Q,1
GDOWODV,1
GDUD66F,0
GDUOLN3,1
GEG2368,0
GEHECZ7,0
GEN4JOM,0
GESX5RY,1
GEVN2WH,0
GF8FEKJ,0
GFA5L8Z,1
GFCK9U3,0
GG6GFKQ,1
GG8U4NK,1
GGEBAB7,1
GGEDSYT,1
GGIYJGX,0
GGPE0OV,1
GGQAYVU,0
GHATCS8,0
GHLUGT1,0
GHOSEJL,1
GIU91JJ,0
GJ1B19U,1
GJCHH94,0
GJS6IGV,1
GK0AYX5,1
GKA3S7D,1
GL5C76J,0
GLI2E4H,1
GLQEYVC,0
GMK18NL,1
GMR61I5,1
GN0SBHP,0
GNMKULA,0
GNOUN4J,0
GNVY2NP,0
GNZSZXP,0
GNZVHGS,0
GO3Q71U,0
GOASLQO,1
GOE5ROQ,1
GOEDZUZ,1
GOUOJ33,0
GP7GMOX,0
GPSAO5L,0
GPWX9XN,1
GPZ3GR7,0
GPZXIZ3,1
GQIRAQG,0
GR93NPF,0
GR9WFBY,1
GRB7KCW,1
GRFL3BV,1
GRIRN9X,1
GRJXV4T,0
GRO3QBF,0
GRPVIP8,1
GRRNF6C,1
GRXR9DZ,1
GS31A4H,1
GS52BL9,1
GS63H2D,1
GSIS25E,0
GSTMC6J,0
GTGB8ZH,0
GU2CN5N,0
GU6LAMI,0
GUBI91R,0
GUD97MX,1
GUERCN2,1
GUWPTBY,1
GUYPTI9,1
GV6TUEG,1
GVGIJ5A,1
GVLJVT3,0
GVSJMOA,1
GW4JPM5,0
GW4X8N2,1
GW7ZCEF,1
GW9RUMC,0
GWOJR5I,0
GWRMJ45,0
GXJKFST,1
GXVG1CU,0
GXW3GCD,0
GYJ7XPP,0
GYMUVUJ,0
GYRFSPE,0
GYWLH5O,1
GZ3SBRM,1
GZ5GZZK,1
GZ9U01W,0
GZA7H72,0
GZB5NKT,0
GZBPG5G,0
GZC7IR1,1
GZG8RGU,1
GZJKFML,1
GZKWPMZ,1
GZL27VV,0
GZR1SRS,0
H09UKYK,0
H0G166E,1
H0NWU4C,1
H0WE89E,1
H15DCAZ,1
H180L75,0
H1DG741,1
H1KEAFT,0
H1PXBZH,0
H1T3IA5,0
H2F4774,1
H2Y0HUP,0
H39JQW2,0
H3HCP1X,0
H3O8ESH,1
H3U27Q1,1
H3UTX1E,1
H3W4OOT,0
H4XG1U1,0
H5C9PRM,0
H63JA6I,1
H6ISLNL,1
H7010MI,1
H7SJ6CO,0
H7XC7EZ,1
H8E9Y8G,0
H8WMN3Q,1
H905CNH,0
H99T5SM,0
H9ZL2K6,0
HBC2NFA,1
HBJP657,1
HC6CJ3B,1
HCMFGT7,1
HCR9AZ2,0
HCTUXA5,1
HCYU41V,1
HD1BJCF,0
HD3I9CP,1
HDG99AS,1
HDWLLGH,1
HDY21WU,0
HE458V3,0
HE8UQK9,1
HECF3TB,1
HEEFGDS,1
HELE42P,0
HEODINC,0
HEOGMHC,0
HEPADCZ,0
HFIBXHT,1
HG210HT,0
HG3EZ7X,0
HGGGSM2,0
HGNYIGU,0
HGWYPLG,1
HHD256J,1
HHMN2MB,0
HHW2BV8,1
HI8LRIK,1
HIDBZC3,0
HIP7MGM,1
HJDJ3FW,0
HJIGFZ4,1
HJNRRND,0
HK3D1VA,0
HKEG5HC,1
HKIY3GI,1
HKLV7H0,0
HKOD69F,1
HKT37GU,0
HLG3N7G,1
HLGOBJE,0
HLIU4KR,1
HLN8QSQ,0
HLSIR4D,1
HLTMHJB,1
HLYJ4H0,1
HMBS8Q8,0
HMH6UA2,0
HMJUJL6,1
HN3AIDL,0
HN6F4PX,1
HNEAEF8,1
HNF18JU,1
HNPJ6UL,1
HNUQ0S1,0
HNXUZTZ,0
HO3FKHX,1
HOCGIMY,1
HODPLUF,1
HOHZROL,1
HOIPQHK,1
HOX5GOK,1
HPB2OV5,0
HPXLRVO,1
HQ2NEXL,0
HQG1PUM,1
HR4AL1N,0
HRUKLFF,0
HRYIN2Q,0
HSA5H85,0
HSBTE9M,0
HSCPU06,1
HSDI3DV,1
HSHIRE2,1
HSY6H4D,0
HT8B0NK,1
HTJAVBF,0
HTQCFRV,0
HTQOCZ3,1
HU1P4RZ,0
HU3PP4Q,1
HU4SMBY,1
HUCF6OH,0
HUMWLS1,1
HUY10O7,0
HV1O67Q,0
HVB77V7,1
HVMU2EB,0
HVOUORP,1
HVQASKL,0
HVS50QO,0
HVXRYJ8,0
HW8G0GK,1
HW9MID5,1
HWJ6LB7,1
HXT9UG0,0
HXVY73V,0
HYKKOTQ,1
HYUSGRO,1
HZC3F3D,1
HZIP25H,0
HZKOYXR,0
I0EAKX1,1
I0F4H6G,1
I15NA6N,0
I18NLPP,0
I1AI8VJ,1
I1G6PMA,0
I1GI9FG,1
I1HH0T9,1
I1OAA3I,0
I2I7EJU,1
I2MY1AH,0
I2OI6S2,0
I31AANI,0
I3EDJXE,0
I3LP7WW,1
I3SAPAY,1
I49IHQ9,1
I4FUXAF,0
I4TSLWL,0
I5B3Q95,0
I63O15Z,0
I669K22,0
I6IHHME,0
I6KXAGO,0
I6L69K6,1
I6SRMIL,0
I6X9J8G,0
I6YER2U,0
I6ZV54Z,1
I7RKAHI,1
I7UE6NS,0
I8WOWYY,0
I8WYFFD,0
I8ZISEN,0
I90NNJC,0
I96M3CS,0
I9WA9VX,0
IA7SSIE,0
IACQ01W,0
IAMV8NG,1
IBCMZNW,0
IBJQB0O,0
IBKU901,0
ICCFS0A,0
ICG56QU,0
ICJAU19,1
ICPUEZR,1
ICQAKBJ,1
ICR7XDK,0
ICTBEVA,0
ID5HJ5Q,0
IDDKSPE,0
IDND3DS,1
IE6F8C0,1
IE8TU4I,0
IEJ0ZCR,1
IEJ38UG,0
IEP42HC,1
IF170I1,1
IF84UCJ,0
IFD2W8N,1
IFLEKQG,0
IGO2JKC,1
IGS6CKU,0
IH3GQQK,1
IH7J1NG,1
IHSSESZ,0
II2PD7F,0
II74IK8,0
IIDO768,1
IIG6I5N,0
IIIQOQB,0
IIWNO2V,1
IJ8U68L,1
IJED73A,0
IJJ2CB5,1
IJYA9ZV,1
IKI2V0D,0
IKQ07C8,0
IKUDN8N,1
IL2T15C,1
ILGIT5H,0
ILHPCIV,1
ILORXCY,1
ILSF430,0
ILUC79K,0
IM34DBR,1
IMCLAEE,1
IMD53F0,1
IMJ3TUU,1
IMMPMR1,0
IMOT1WR,1
IN5E3ND,0
INS3ATI,0
IO7F0U0,0
IOE1WNR,1
IOTF5EP,0
IP2IO0Z,0
IP3EM6X,1
IPHTQ4E,1
IQ2OXN2,0
IQJNG14,0
IQUPO8W,1
IQXFG3D,1
IQZFHCI,0
IR1741D,1
IR30QWH,1
IR587YU,1
IRWTAF2,0
IRX3424,1
IRXLDEO,1
IRZKZAN,0
IS4CA9K,1
IS56RT7,0
ISHHNB8,1
IT1CBIF,1
IT7C8GA,0
ITBNQDD,0
ITTPDTT,1
IU2C6CX,1
IU2ZKXN,0
IUWRZIZ,0
IUZIIRA,1
IV6ZC8A,1
IVLW799,1
IWEKHB8,0
IWIEPHF,1
IWNGFF4,0
IXNRELG,1
IXVHSRX,1
IY2C86Q,0
IY777LB,0
IYBZ9KF,0
IYGF7AW,1
IYL8DE1,1
IYXXVPR,1
IZ9TI82,0
IZE0RFG,0
IZIQY23,0
J0248PM,0
J02U720,0
J03UYVK,0
J0JXJP8,1
J0KVVE3,1
J0MPQ1X,1
J0OU8HB,1
J0WVW3L,1
J13GNKQ,0
J1AB2B2,1
J1EWMLU,0
J1GXXUO,1
J1XF6KH,0
J22FHT5,0
J2CGPCV,0
J2FIJ3Y,0
J2JI9L7,1
J2R5UUX,0
J2YYTMV,0
J36COWZ,1
J3US1O7,1
J3X16M6,0
J451651,1
J4CJW2D,0
J4WF7XE,0
J5GJVF2,1
J5RYLC2,0
J5S0JQF,0
J619G5J,0
J6ILLJJ,1
J6KBIN2,0
J6LPYLD,0
J6V854G,1
J6ZFK8X,0
J7SA3QY,1
J82LB22,1
J84IK7D,0
J8NZ0W6,1
J9805PG,0
J9M901C,0
J9RKH8I,1
J9VZFKN,0
JAJ446Q,1
JATPLNW,0
JAXHGX0,0
JB4GQOF,0
JBPNGEA,0
JCGNKIB,0
JCHIW3Q,1
JCI9QD1,0
JCZA2GA,0
JD76GZC,0
JDUSQL6,1
JE2ZNYJ,1
JEFLXIA,0
JEGZI79,1
JEJ0NXT,1
JEO297T,0
JEQUXTW,0
JEVIMSH,0
JF6JCFE,1
JFHSD07,1
JG2T0GQ,1
JGGHG71,0
JGN21UH,1
JGUAT9Z,0
JGZNKPG,1
JHHXJ4O,0
JHHYFQM,1
JHITFQY,0
JHK4I3S,0
JHKR1X9,0
JHLMU91,0
JHSAFG8,1
JHXEDHB,1
JI25LVR,1
JI510H6,1
JI75QVA,0
JIIH1JW,0
JIJ1YJE,0
JIORRHK,0
JITHI38,1
JJ6ZVBT,0
JJA8N9A,0
JJDKATQ,1
JJJ1OB8,0
JJYUP3W,1
JK1AIBJ,0
JKLAJDD,0
JKPZ3AX,0
JL34MIF,0
JLEG2QQ,0
JLEPRFJ,0
JLKM239,0
JLXJ4L6,0
JM6VXW6,0
JMEEPEG,1
JMHQQHE,1
JMQE4AC,1
JMZBD2A,1
JN6AE8C,1
JNFG7G5,0
JNHHTNR,1
JNXUPTU,1
JNZUZVT,1
JO0YJ9A,0
JO3V3EE,0
JOJOFW3,1
JOKY988,1
JOQJNPH,0
JOTORLD,1
JOUTUVK,1
JPB38UT,1
JPBJCMN,1
JPGSQ3R,0
JPY0RDR,1
JQEIF1F,1
JQNRXJW,1
JQS7WDV,1
JR4VDXG,1
JR5BOSO,1
JRM7QIQ,0
JRUY7DM,0
JRWFPW6,0
JSQQTB6,0
JSWJS27,0
JT9716Z,1
JTLXT8S,0
JTMT2JC,1
JTNL188,1
JTQJL2A,0
JU849UV,0
JUC2C5T,0
JUKY3CJ,0
JUO7R24,1
JV2YS1S,1
JV64A1Q,1
JV9HS2Y,0
JVCKT1P,0
JVFEC3E,1
JVQ594F,0
JVSGYFE,1
JVVFUMM,1
JWCS5H4,1
JWHLMCS,0
JWJGWY3,0
JWKPRQP,1
JX6R7X5,1
JX8H0XP,1
JXJIC4H,0
JXPANB0,0
JXQTBSW,0
JXR2E4M,1
JXS7CII,0
JY4JQ1O,0
JYIPJRR,0
JYRLVO0,1
JYXBHE0,0
JZ1TKUU,0
JZ8NZQO,0
JZAVG0E,1
JZHI4J7,0
JZI8IJN,1
JZQG864,0
JZZ4019,1
K00Z7H6,1
K0J5IFD,1
K1D6WT2,0
K1K5MSU,0
K1OTPCB,0
K212MXD,1
K22FO5F,0
K22ISKO,0
K24T2HT,1
K2C8KQ1,1
K2FX3N2,0
K2NHCKD,1
K32B5JV,0
K338LW1,1
K36A7C1,1
K3T7YBJ,1
K41I3OK,0
K45Z7PW,1
K48X1WJ,0
K4AA4LD,1
K4BCXBE,0
K4HEADK,0
K4LBHF1,1
K57DYB1,0
K5EE6YR,1
K5EZJF1,1
K5T4PCX,0
K5WA2MK,1
K6D7JMC,0
K6HMF4N,0
K6I4CKC,0
K6OO77W,1
K7C4H54,1
K7HCWTI,0
K8614CY,0
K8HSVDW,1
K8PZZB0,1
K8TDISV,0
K90KXUC,1
K90TSS9,1
K9AXUUK,1
K9D9RYG,0
K9IAU7H,1
K9ILDHY,1
K9M4ZKV,0
KA75J56,0
KA7IOCM,1
KAP8PBL,1
KAQE68K,0
KAVAXQ3,1
KAVDJZT,0
KBSNRVU,1
KBV14SJ,1
KCC0AX6,1
KCIME87,1
KCWOH8P,1
KDG75C4,1
KDSNZSN,1
KE1SSUE,1
KE6OR95,1
KE9EPAL,1
KEVSOEH,0
KEYE2BP,0
KF7IA2O,1
KFCLR7L,0
KFOPR5K,1
KFPKHHB,0
KFXRBQE,1
KGKB9KL,1
KGZH8JK,0
KH08VWK,1
KH14CHF,1
KHC237N,0
KHN04KG,1
KHQWZZE,1
KIV8YW1,1
KIZKQIX,0
KJAWVKT,1
KJLCYUE,0
KJSID6M,1
KJWBEE2,1
KKGU2J4,1
KKP75PY,0
KKTAIBG,0
KLAH4XR,1
KLAVRT8,0
KLBTCCC,0
KLJOMSI,1
KLJPOLY,0
KMEGBM4,1
KMTG1D4,1
KN9164T,0
KNCM62E,1
KNDDB3R,0
KNFDLAV,0
KNFRN9G,0
KNYA02R,0
KOGLI8O,0
KONUUCH,0
KOOGT2J,1
KP2NXJ9,0
KPHYS1K,1
KPMOSKP,0
KPPEBQZ,1
KQ8S39L,0
KQEAHYL,1
KQIVJ0E,1
KQQV6LF,1
KR5LJAZ,1
KR91VQB,1
KRBF73I,0
KRIH7PX,1
KRR5WBS,0
KRVBN1X,1
KS2PXF3,0
KSBS0DB,0
KSU2VA5,0
KSXIE6L,1
KTSYO1F,0
KTTAVYV,1
KU5KSF7,0
KU8TJZ5,0
KVAON7P,0
KVHSZ97,1
KVZ7R74,1
KW1AJD1,0
KW1CK29,0
KWO4DBU,1
KWT5BOX,1
KWW3ZFV,0
KWWDR4S,0
KWX2FUL,1
KXFYB8K,1
KXGR2IY,1
KXKOOE6,1
KXSN8CR,1
KXXLEJT,1
KXYTC3L,1
KY09ZQP,0
KY1JVIM,1
KYQGOLS,0
KYT6ZR3,0
KZDBTOK,0
KZO378Y,1
KZUSO9K,0
L067ZZE,1
L0G0LBM,0
L0SYUD5,1
L0U0CG4,0
L147EJS,0
L16ELZ8,0
L2DBT63,1
L2MNYAS,1
L2UMXVI,0
L3GYOTL,1
L3X62M8,0
L3XGOHQ,1
L3XKYKQ,0
L429IJS,0
L4D3GR9,1
L4D5270,1
L4LYHMU,0
L4MWIQN,0
L4RFW8L,1
L4Z2NE8,0
L539TZ1,0
L53FCDD,1
L54B2T4,0
L5GVMIE,0
L5NXMYY,0
L6EEXGR,0
L6HPJKW,0
L6OIT3Y,0
L7E2D2U,0
L7L6W1K,1
L815JT8,0
L85MWDX,1
L8FLO09,0
L8GAHIX,1
L8NPF0I,0
L8OS79F,1
L913QTT,0
L9DAHFY,0
L9FPGNF,1
L9XG438,0
L9ZQZDT,0
LA0EQBA,0
LAG2M73,0
LANXD9Q,0
LBOH008,0
LBPFDA3,1
LBS01HB,1
LC75TUR,1
LCA2AU2,1
LCBEAJX,1
LCCTXOQ,0
LCZEFPV,0
LDBCWUA,0
LDGAPU4,0
LDK6EQ1,0
LDKFZY9,0
LDOWMGM,1
LDZ4BUQ,1
LE5QNZZ,0
LEAPMAZ,0
LEB7BSL,0
LEERJF3,1
LEHO0WF,1
LESR0JL,1
LETUT97,1
LEVJQAD,0
LFL3BRC,0
LFOO2C0,0
LFQD604,0
LFR7GYZ,0
LFVKVAN,1
LFWT0L8,1
LG9DH68,0
LGD2Q1N,1
LGPB5JO,0
LGUHZZK,0
LGY0EVI,0
LH72BPZ,1
LHM375A,0
LHRO4Q5,1
LHTKYE9,0
LHVZ9HS,0
LHYBYB4,0
LI4B144,1
LI7DEU8,1
LIAJMAI,1
LISFSIC,1
LITBP2G,1
LJ6K421,1
LJ88X7E,1
LJWCUG4,0
LKLWWJ0,1
LKWXSRK,1
LL1W0OF,0
LL3UJH6,0
LLJUEJC,0
LLKM6LS,1
LLOZ8W8,0
LLVC918,0
LLWOASD,0
LM0VFC7,1
LMHCGXW,0
LMXL6QA,0
LMZWIYA,0
LN21Q7H,1
LNMG8QM,0
LNZ9AQJ,0
LO78G6B,0
LOSUY9E,0
LOTZNRG,0
LOXULVO,1
LQUZFLW,1
LQYJ86O,0
LR078GT,1
LR8HM93,0
LRAU1GH,1
LROM8WB,0
LS017ZC,1
LS45W9G,1
LS5CYVM,0
LS9RUI5,0
LSR123W,0
LT2Y516,1
LT5HI4L,0
LTGJHOV,0
LTP9UKT,0
LTR7CRN,0
LU1KMHA,0
LUM77ZN,0
LUNKEJR,0
LUPF94M,1
LUQJ0XJ,0
LUYL58S,1
LVCNWDG,0
LVI5V98,0
LVKT53M,0
LVTSD62,0
LVWC4GD,1
LW0B5PO,0
LW56V9M,0
LWI3QO7,1
LWRPQPS,0
LWW8TVW,1
LXABBUI,1
LXCFKEO,0
LXLYPU0,0
LXX8TMZ,1
LXYZ2XR,0
LYCE0KT,1
LYS85J0,0
LYX77R3,0
LZGL20W,1
M02CPRZ,0
M0B43H6,1
M0F603S,1
M0FZ9T9,0
M0JPINC,0
M0K92G8,0
M0PJN9P,0
M14GJ53,0
M1506F6,1
M1D245G,1
M20VYY7,1
M2BC47K,0
M2E5H9B,1
M2N94IB,1
M2TOFX3,1
M33L6EZ,0
M3512CR,1
M38S1H2,0
M3PEEJ8,0
M3SIRG2,1
M41XL1L,0
M4PDVFJ,1
M51I7X6,0
M5K04H2,1
M65ZCI1,0
M67VCX2,1
M6GUNQF,0
M7GZOA9,1
M7W8UUR,0
M83AB3C,0
M89FX3I,0
M8H3TME,1
M9BNW1R,0
M9KWGRL,0
M9P761W,1
MA08L60,0
MAEI6AL,0
MAH72SU,1
MB0RATN,0
MB3DOX2,1
MB82QHK,0
MBA06OD,0
MBDRFZG,1
MBG7KAW,1
MBG9T2N,0
MBMBGLM,1
MBZ9UMG,0
MC2Q5FR,0
MCGOSRL,1
MCVFG7O,0
MCXRSY4,0
MCZR54C,1
MDEZ0FJ,0
MDF65ZF,1
MDOOE23,0
MDY5J71,1
ME60LUT,1
MEKSTUR,1
MEP79QW,0
MEPI9CC,0
MER1ASP,1
MFMT9YA,0
MG5DOVH,0
MG7DBXE,0
MG8SAWG,0
MGUUC5J,0
MGYVN0Y,1
MH4O6WF,0
MHJCY30,0
MHZS4FY,1
MHZVHEM,0
MI6LW4H,0
MICNHYU,0
MIKPWYF,0
MIQXOH1,0
MIUPLGE,1
MJ8PVB3,1
MJU9NQW,1
MK0ICSE,1
MK3HJ8Z,1
MK4STI9,0
MKLOKMQ,1
ML16MSN,1
MM1T8L6,0
MM3OMJZ,1
MM8URND,1
MMMJKTK,0
MMMP0MJ,0
MMNXYVD,0
MMW7JVB,0
MNEOQVF,0
MOAS2PJ,1
MOAZ2NR,0
MOERRGI,0
MP9NHIC,1
MPER6BR,0
MPWOI03,0
MPX3N04,0
MQ4J1WC,0
MQDP6VC,1
MQPFB1V,1
MRC3C0G,1
MRNF20H,0
MRXPZ3I,0
MSNKZHK,0
MSNO04Y,1
MT0WAP8,1
MT9ZDZL,1
MTKO0XT,0
MU2XNPA,1
MU3N61S,0
MU85MAR,0
MUBO1QI,0
MUCNK2N,0
MUKNFZV,1
MUM2I5Y,0
MUOPU0W,1
MUZ7XML,1
MV4EOMX,1
MVBRCO1,1
MVE435N,1
MVET52J,1
MVGP519,0
MWCDXKL,1
MWHAGE0,0
MXBJQ9V,1
MXG0LCT,0
MXTTEA3,1
MY0R62H,0
MYENAUK,0
MYIALU0,1
MYKH3OX,1
MZ1MPVI,1
MZ90ZRN,0
MZPS3W5,1
MZSWYDE,1
MZZDLZ8,1
N055X01,0
N0G1WLD,0
N0IQ3OF,0
N0OGLM9,0
N0UYZ1W,0
N1HOX58,1
N2DSB2N,1
N2KBUVT,0
N30FT47,0
N33CAVY,0
N34NGRA,1
N3DCGAT,0
N3VC5NA,0
N3Z5TT7,0
N41T7DN,1
N4B404K,0
N4DYBT4,0
N4P49Y1,1
N55JDS9,0
N5SDIE0,1
N638W9Y,1
N67PMQ5,0
N7NMJQL,1
N7R8DDZ,0
N7YND65,0
N8CGZC0,1
N8N199Q,0
N8XL5FJ,0
N91URJ7,0
N9HLGR2,0
NA4ZQPN,0
NAJBTNH,1
NB7GVOD,0
NBJU28M,1
NBNKF5Q,0
NCDEHSI,1
NCV2NG0,0
NCV9CZH,1
NCVPTPL,0
NDBDVBQ,0
NDEERZV,0
NDKXI8B,0
NDWE62T,0
NEC4BU1,1
NEELU5Y,1
NF11NQ2,1
NF17TUQ,1
NF6LCGI,0
NFA3LP5,1
NFBYJ4W,0
NFK85EJ,0
NFP021S,0
NFYISSY,1
NG4056H,1
NGHH407,1
NGHM2G0,0
NGYCH8Z,1
NH2DVBK,0
NH5YLIJ,1
NHBP2EN,1
NHDN6RU,0
NI2EZ2B,0
NI4W5QF,0
NIOSF60,0
NIQE1WE,1
NIY5ZDR,1
NJ97EVK,1
NJLHHGH,1
NJM3YQ6,1
NKJDMXH,1
NKSTU9G,0
NL0VPRD,0
NL5PIF4,0
NLAIARM,1
NLY0GKP,0
NMGG09T,1
NML25DC,1
NMPC5MY,1
NMTVJ2O,1
NN7BZGI,0
NNF7YS1,1
NNLXESO,1
NO2EVRS,1
NOAPS0H,0
NOIP2ML,0
NOIRA9D,0
NOKCNSV,0
NOKIFJC,1
NOY0DPO,1
NP27GS6,1
NQ6WYDE,0
NQQ4MEZ,0
NQXZ80I,0
NR3EJPE,1
NR7FRDY,0
NRJYBFH,1
NROODIH,1
NS5JS2F,1
NSN5IVH,1
NSNN25R,1
NSW4UTU,0
NSXDTM2,0
NT01XYF,1
NT0Q29Q,1
NT5804S,1
NT5ZOTP,0
NTBBS9G,0
NTMILU4,0
NU8GZC6,1
NUAAOZC,1
NUMFDCC,1
NUR9NB4,0
NUXD9U8,0
NUYT8HT,1
NV26NWY,1
NV2WSE1,0
NV7M88A,1
NVRPLX4,0
NW51CW5,1
NW5IUSX,0
NW6HNU7,0
NWAMJU4,1
NX63QB1,1
NXI00T8,1
NXPGCK6,0
NY02IF5,1
NYETKYK,0
NYKBZ19,0
NYNJWSH,0
NYOAN76,1
NYON0CG,1
NYRPCM6,1
NYWSHLR,1
NZ3P13F,1
NZD71WD,0
O0C3105,0
O0M5GS2,1
O0QV8Q8,0
O0V174R,1
O108BJG,1
O12HYQK,1
O13SV9G,1
O16M72N,0
O1G929H,1
O1GVOV6,0
O1HGSF8,1
O1LK7VI,0
O1M4QSJ,0
O1MYC8K,0
O1N2GVT,0
O1NWTPH,0
O1YGNZT,1
O1ZYWM1,1
O23J5EB,1
O2Z77R9,0
O3A2ZX0,0
O3DTQP8,0
O3MBAJ6,1
O44PFOV,1
O47T6DR,1
O4FWRLG,0
O4NGFO6,0
O4TGXGK,1
O59JGGU,0
O5UAOOQ,0
O60QQJH,1
O629VY4,0
O6568AT,1
O6IMLGG,0
O6IVCN3,0
O6JMZQU,0
O6MBQ87,0
O78LR3Q,0
O7HOVBW,1
O7KRBGJ,1
O7M69ZO,1
O7WW1L7,0
O8B72JC,1
O8ITSP1,1
O8PSLV4,0
O8Q3FX3,1
O8ZQGHA,0
O9C0GVB,1
O9HA41B,1
O9L3ZUV,0
O9NRS8R,0
O9T75UU,0
O9Y5AIZ,0
O9Y5TZF,0
OA0R6A4,0
OAA1K1Y,0
OADI9AW,1
OAOK5EV,0
OAPLZYU,1
OARRT8B,0
OB26T0N,1
OB2KCOF,0
OB5TIIF,1
OBGETXJ,0
OBO9KL0,0
OBOVAPM,0
OBPR1AK,1
OBTZJPS,0
OCBJGZZ,1
OCG113R,1
OCPZU3W,0
OCQWUHV,1
OD6J0L8,1
ODBR0XK,0
ODCPIFZ,1
ODHZC9G,1
ODRBB4N,0
OE5J5M6,0
OESM40Z,0
OFA9XWW,0
OFBNQ8D,0
OFD1S1W,0
OFEMWWF,0
OFM79N4,1
OFMGSQ5,1
OG1I9YI,0
OG4N0S6,1
OH242V0,0
OHXPL0T,0
OIBKCW7,0
OIEOYAX,0
OIG2JTH,0
OIIKWKR,1
OIZRRFG,0
OJPBFND,1
OJVRTX4,1
OK4416G,1
OKYOBH3,1
OKYVXW8,0
OLZZG6U,1
OM6UGL5,0
OMV3OQD,1
OMVS4UL,0
OMWOVDC,1
ON4R50T,0
ON8O7VO,0
ONWTJ2H,0
ONZ8WK6,0
OOHBLKX,1
OOHIM7T,0
OOKSY68,0
OOVX8ZT,1
OOW8WNS,0
OOW9BSJ,0
OP17M47,1
OPOC91N,0
OPRAMT3,0
OPUXI5W,1
OQQ7291,0
OQQOIOY,1
OQW69NB,0
OR9UL8Z,0
ORWKEJW,0
OS11ZKB,0
OSL2ZGJ,0
OT1CQFC,1
OTDMZ7K,1
OTMACIJ,1
OUJULE3,1
OULA35G,0
OUQ8G6U,1
OV7UMDR,0
OV8ZFTG,0
OVMMFWT,0
OVZCVPW,0
OW8XZXL,1
OWGNP5G,0
OXFMEMU,0
OXGQNXJ,1
OXUFF7R,0
OXZ79RQ,0
OY00B9Q,1
OY0SEHQ,0
OY8Z993,1
OYNTLUF,1
OZB5XZ0,0
OZJVS5I,0
OZYM166,0
P01WHV0,0
P098CG8,0
P0EOCV2,0
P0KV346,0
P0TO0AH,0
P19E6E1,1
P1J2OHF,1
P1KW84F,0
P1TBNQA,1
P1V8NOC,1
P2SNN43,0
P308U6J,1
P36J0EH,1
P3EUZR2,1
P476JZF,0
P4BUTPC,0
P4FVWBL,1
P4YE6YB,1
P5CKB04,1
P5HW0TL,1
P5ONZSX,1
P5PKUUO,1
P5TQDKV,0
P62CEWC,0
P64EVDT,0
P6T2DD2,0
P6W3SC5,1
P7K1AXN,1
P7SI4J1,1
P7YTAMR,0
P880P1V,0
P8BO7JU,0
P8I0P88,0
P8MRRD3,1
P91661S,1
P9FB7AM,0
P9J945Y,0
P9YBDIE,1
PA25HFV,0
PA4MAQG,0
PAPAJC4,1
PB3A3S5,1
PBA8Z8Y,1
PBH4GK0,0
PBM2ZKG,1
PBOK3X1,0
PBSQA5F,1
PBWPED3,0
PC4MK1G,0
PCAK839,1
PCIVY5J,1
PCXUF01,1
PD8TFGD,1
PDAIE8K,0
PDZ2Z60,0
PE1J486,1
PEBRZHP,1
PED5PQ7,1
PENAO7A,0
PFFF6K5,1
PFIP6AR,0
PFS9O2S,1
PFV1AO2,1
PG1R20C,0
PG2MTDK,1
PGEP9R5,0
PGGMTP9,0
PGRTC6J,0
PHFALTA,0
PHFDZG0,0
PI1ET7G,0
PI4IABR,0
PIHRVJF,1
PIKTI7W,1
PIN4BOL,0
PJ2IS6Y,1
PJ5X7TU,1
PJISZ2P,0
PJJV61J,0
PJSUGHS,0
PJZSCZM,1
PKE8TGI,1
PKLVLWL,0
PKOIYE5,0
PKP4N20,0
PL6NBMT,1
PLH3TE6,0
PLIK2B2,1
PLO98SF,0
PLY6VUK,1
PM3CM7W,1
PM84ZIV,1
PM8CAIW,0
PMEJR2Y,0
PNCLV7M,1
PNE6T1S,1
PNED8VU,0
PNVJ3RH,0
PO2L1TY,0
PO6OYAF,1
POQ1MPG,1
PP625F9,0
PPHOQN3,0
PPO1SR2,0
PPSTV2B,1
PQ3HMFA,0
PQBU2BP,0
PQGYBPK,1
PQL5ML9,1
PR2MJ5U,0
PRG50TV,0
PRIUJS1,0
PRLCWU0,0
PS76AG7,1
PS9GOHL,1
PT8C3A6,0
PTNWE3B,0
PUT7K5R,0
PUZJ0FB,1
PWMC3Q5,0
PWQDTAG,1
PX16IO3,0
PXQBUN6,0
PYKBUGL,0
PYN3NHH,0
PYPXX3K,0
PYS00JF,0
PYSBX1G,0
PYVFQC6,0
PZ5ADBY,1
PZ5U10A,0
PZ9QE6Z,0
PZRFNND,0
PZU8YD8,1
Q01Z9UC,0
Q02IWAM,0
Q06J9S2,1
Q0CKYQD,0
Q0X0JEB,1
Q11PWC0,0
Q1A6EDZ,0
Q1BFZ74,0
Q1TZA4P,1
Q1XD15W,1
Q20T6D2,1
Q217V7F,1
Q22XKT7,1
Q26E44Z,0
Q27DI1G,1
Q2HJGRR,0
Q31HKE9,1
Q38I9L1,1
Q3NK4IS,1
Q3URBVD,0
Q45CTA4,1
Q461H6K,1
Q4C6FY9,0
Q4J81Z9,0
Q4OY2D2,1
Q5BBNIP,1
Q5GFHKX,1
Q647SRM,1
Q6BCAGD,1
Q6GA3AY,1
Q6GKOAQ,1
Q6K2D16,1
Q6UN8IQ,1
Q6V63C3,0
Q6XIUDD,0
Q7IFC4M,0
Q7MDRAQ,0
Q7WRISX,0
Q89NYG9,1
Q8WSTWH,0
Q9H1UGX,1
Q9MG85H,1
Q9VM88K,1
QA8BAYC,0
QAANH27,1
QAD5NGL,1
QAMC339,1
QASAINF,1
QAV4FSF,1
QBA1TW0,0
QBG9ARR,1
QBGVMNM,1
QBR9Z8M,1
QBV1HDH,1
QCC8MP9,0
QCGL7BP,0
QCX9W7P,0
QD10978,1
QDQ69A4,0
QDT4OJ4,0
QDUIKFT,1
QDWFMIA,0
QE6VRKE,1
QEER51J,1
QETG0VG,1
QEZOWTZ,0
QFLN7W5,1
QG7ZUG5,0
QGAKY6E,0
QGBF3PV,1
QGKRZXE,0
QGX55XN,1
QH1KYDV,0
QHBJ2TZ,0
QHLS2WZ,0
QHPXN4P,0
QI02B57,1
QIBN585,0
QILTKKM,1
QIUPJCI,1
QJ8EM5G,0
QJAIOZP,1
QJHGYXT,1
QJRAEEN,1
QJVLMND,1
QJVWGXX,0
QKLJB8J,1
QKQIPKE,0
QKRSS3I,0
QL67EM0,0
QLL63O7,1
QLVMFMF,1
QLZOSYD,0
QMA7540,1
QMCDHXG,1
QMIL3Z4,0
QMK143G,1
QMLW68J,1
QMS9068,0
QNXA328,0
QOAWYGM,1
QQQEM6I,0
QR1L02F,1
QRCK4Z2,0
QRU9JI4,0
QSC5YFN,1
QSFSCVC,0
QSGL6JN,0
QSLF45W,0
QSS8GN4,1
QSTROSN,1
QSYGAX7,1
QT82QYV,0
QTBER9G,0
QTD1VII,1
QUAUKQC,0
QUQN99R,1
QUROH6E,0
QUS5UOT,1
QUWR3Q0,0
QV51H90,0
QV5P8TV,1
QVOV8CL,0
QVT9UYK,1
QVX9WXU,0
QW13HXD,0
QW1ESQE,0
QWGLG6U,0
QWHMR6P,1
QX1XVVQ,0
QX4B87T,0
QX4XG2F,1
QYDTR8W,1
QYHX2UT,0
QZQ1904,0
R0B7AA9,0
R0I6FI5,0
R11J8HD,0
R27Y1JU,1
R2EWPKY,0
R2K341F,1
R2Q022I,0
R2W6WWC,1
R2ZF09Y,1
R32D7EA,0
R3SS0YR,1
R3ZIZKJ,1
R41NC1B,1
R45T68H,1
R4FDQDG,0
R4MHB28,1
R4WBA7B,1
R5RVZO3,0
R5RWAUP,1
R7077AX,1
R71G8W1,1
R7BDCAQ,0
R87C3HP,0
R8IPW9K,0
R8WA47K,0
R9AT37E,1
RA1JUV0,1
RA5TGO5,0
RAFZY6Y,0
RAKLE6X,0
RAUC97S,0
RAXUBRO,0
RB3FJUS,0
RBRU56O,1
RBSB6Z3,0
RBVFWP5,1
RC08TKP,0
RC6HKEL,0
RC8K8OL,0
RCRAENR,1
RCTEAN2,1
RCUVMR8,1
RD81FHS,0
RDF1L0G,0
RDJK79K,1
RDM2M4E,1
RDMUATS,0
RE2LRPT,1
RER2BJD,1
RER9WS0,1
RF7KKX1,0
RF839E5,1
RFCXCUE,1
RFMVU2J,0
RFTYXNP,1
RFVPRZZ,1
RFZMTWZ,1
RGANEVX,0
RGKYB7O,0
RGR8YS7,0
RGSWTP9,1
RGY0RD4,0
RGY2GRX,1
RHB20J7,1
RHBWCSE,0
RHLXE77,1
RIO96DF,0
RJK89YR,0
RJXMGCH,1
RK1XZHE,1
RK9P1B6,1
RKALOJV,0
RKBLQHH,1
RKGU29U,1
RKL4KK4,1
RKO88J6,1
RKY34GF,0
RL2Y541,0
RL9N1T9,0
RLC0GHX,1
RLG1CUG,1
RLGR3E8,1
RLOZMRF,0
RLPQCDZ,1
RLXKIQJ,0
RLXR2WA,0
RM8LPD4,0
RMAH3AB,1
RMGFYF9,0
RN4BX7Q,0
RNHT6UR,1
RNIXNTU,1
RNP7U5X,0
RNWN27S,0
RO1WIU8,0
RO5K0HA,1
RO8VM84,1
RO8Y0VS,0
RO98LJS,1
ROOJY0Y,0
ROQ0T4I,1
ROUKNN4,0
RP0IJ5X,0
RPP6Q5I,0
RPS6TVY,0
RQ2MGUT,0
RQ5MSV4,1
RQ6JC74,1
RQB041V,1
RQCW86J,1
RQI1XYI,1
RQJJT80,0
RR0YZZK,1
RRC95K0,1
RRL1IRM,1
RRMWXVD,0
RRR9E6D,1
RS25879,0
RS76ZXO,1
RSCH2SZ,1
RTIO0G2,0
RTIR7PW,1
RTQ1EXS,1
RTVVWEY,0
RTWONS7,0
RU08J1P,1
RU3TERX,1
RU4BZT2,0
RUBG39L,0
RUHZEX5,0
RUIQ6JT,0
RUSRI68,1
RUX3DJ7,0
RV9FITI,1
RVHS9RW,1
RVJUJLB,0
RVO21S1,0
RVOK2LK,1
RVVOPHP,0
RW2JUQ3,0
RWGETZ8,0
RWHA9H1,1
RWXW77X,0
RWZFGQM,1
RXEX4KV,0
RY2OOKF,1
RY4OMUC,1
RYOKA9Y,1
RYQDOBN,1
RZI7U0B,0
RZLU950,1
RZTC7QK,1
RZUQJZO,0
S053KPA,0
S05E402,0
S05P5Y9,1
S0FIZ86,1
S28EI2V,1
S2LMW58,1
S2TS8X8,1
S2VM2TP,1
S2ZOG4K,1
S400352,0
S473II4,1
S4OMCIA,1
S4RF315,1
S4U4D4G,0
S4W7LIL,1
S4X1AXZ,0
S4X28LN,0
S521EPH,1
S54BBI5,0
S591W8H,0
S5BEBWA,1
S5U65UO,0
S64LS13,0
S6J1S8I,1
S6XIG6Q,0
S7VD5IJ,0
S8ANSK4,1
S8MS7OJ,0
S8OT3IA,1
S8P43GL,1
S8S8EEH,1
S8UKRL3,1
S927H6Z,0
S97X05L,0
S9QLDJ6,0
SAIAC0C,0
SAN44T2,0
SARZS8E,0
SB1YZTO,0
SB2ZWM7,1
SBGYYYU,0
SBLP1FF,0
SBQK8FQ,0
SBY1IKA,0
SCD69G9,1
SCFWMKK,1
SCJGCJF,0
SCJXLWE,1
SD99XDF,0
SDE608N,0
SE2RZ6K,0
SEUO0ZX,0
SEVUS4D,1
SF72BFI,0
SFDFHUT,1
SFE8HR1,0
SFKTLIY,1
SG6FZ9M,0
SGF57PD,1
SGJGYIG,1
SGXVPKW,0
SH3167D,0
SHDZ0JI,1
SHP1OUJ,1
SHUDCB8,1
SHVHR79,1
SI2E5AL,0
SIB36B1,0
SIJF3UE,1
SIYSETD,0
SJYAAZE,0
SK30V3O,0
SK5BNVR,0
SK9XTI5,0
SKJC0L5,0
SKOKRM8,0
SL5K7A9,1
SLCTEAC,1
SLQTR1P,0
SLZOQNE,1
SM97JUB,0
SME7UK4,0
SMI05CY,1
SN90C91,0
SNK9XQ9,1
SNLILGE,0
SNMGLUS,0
SNNDO7K,0
SOHHABR,0
SOMXHHJ,1
SP2P003,0
SQA65PJ,1
SR1TGP0,1
SR21G69,1
SR3NH5W,0
SR8941B,1
SRJNDZ0,1
SRSY8X9,0
SRY4FYT,0
SS8474X,0
SSDA7J7,1
SSDDVEU,0
SSMVI86,1
ST0L9HG,1
ST1TR37,1
ST3APTZ,0
STHBOIH,1
STITTVP,1
STO7HQX,0
SU1847D,1
SU4XOLR,1
SUOJN3S,1
SUSHWBR,1
SV7WEP2,1
SVHM370,0
SVI55LM,0
SVRP2LW,1
SVUQFIT,0
SVWH1CR,1
SW7UXI1,0
SWGURD3,0
SWVD0LT,1
SWWGHL9,1
SXG4MXS,0
SY0522E,1
SZ8DRVC,1
SZESA4P,0
SZJ490Y,0
SZVUF0B,1
T045HSP,0
T06W4A0,0
T0JU266,1
T0LA9TX,0
T0M5LB6,0
T0V4WEU,0
T0W0GKV,1
T19OJQ3,0
T1DRXOH,1
T1EFL44,1
T1IP0KD,1
T1XKTCC,0
T1ZSFZS,0
T29SXXB,0
T2M5MSX,1
T2TCXMD,0
T352OGB,1
T36BTEA,0
T3GTDFP,1
T3R8A3J,0
T41C3X2,0
T4EEIJW,1
T4JSJ9F,1
T4YGI2X,0
T5HVF0N,1
T5UAAOF,0
T65K2ZH,1
T6L97P2,1
T6QVBSU,0
T6QXX1R,1
T6SLOYL,1
T78H6ZJ,1
T7DJV2C,0
T7MLATL,0
T7UQ4GZ,0
T8BABB2,0
T8DKKGT,0
T8HDQDU,1
T8XR7L6,1
T986UPQ,0
T9SZ6PN,0
T9XJGBU,1
TABZ8J4,0
TACO70R,0
TAGLXIC,0
TAJPXKI,1
TC1BU3J,0
TC90IRI,0
TCSSS4Q,0
TCTXSDG,1
TD4G0PI,0
TDAOXRT,1
TDBCFBJ,0
TDGDM87,1
TDGVIAC,1
TDRXCGK,0
TE3TIZN,1
TEC9UZC,1
TEGAA1K,1
TFEGWKK,0
TFF444Z,1
TFJ3N29,0
TG12ETJ,0
TG8BI3L,0
TGALQY1,1
TGI2RNC,0
TGL3Z9Q,1
TH5NAGF,1
TH6D7E0,0
TH6IGD2,1
THSBVJD,0
THYMDN3,1
TIBIUAS,1
TIDXWNZ,1
TIE3KL6,1
TILPSD9,1
TIPN93T,0
TIVGLCP,0
TJJ9OBZ,0
TJTS213,1
TK3HESC,0
TK7OIJS,1
TKF1UQ1,1
TKLK2XP,0
TKQK7BM,0
TLBS164,0
TLUQ0JG,1
TLW1KLQ,1
TM7WG8K,0
TMJPMMX,0
TN6LRKI,1
TNFSMY1,1
TNX0ETB,1
TNYEA1I,1
TO1MJ60,1
TP5UXL5,1
TPJCXXW,0
TPXL5S7,1
TQ2KIDC,0
TQ78I95,1
TQ8WFXG,0
TQ9TXUN,0
TQTIZXH,0
TRP2IKV,0
TRPSXMT,1
TRPXU5T,1
TRS84PL,1
TS0VEFU,1
TS181WU,1
TS34UCH,0
TS5ACJA,0
TS5YQT4,0
TS9Q183,0
TSGOIC2,1
TSITLOD,0
TSML5A4,0
TSNM5DH,0
TSSKKPL,0
TSTMEG4,1
TSTNWY9,1
TT9NE3U,0
TTAXJY8,0
TTH0G3Z,1
TTUEN5E,1
TTZI60G,1
TU49J9J,0
TU60MFL,0
TUQ1J3B,0
TURZWNO,0
TV8VWO2,0
TVSZWQC,1
TVVN68H,1
TW3ZD5X,1
TW94DF5,0
TWF2P8N,1
TWGMZ16,0
TWNSEON,0
TXMTJWS,0
TXPYWND,0
TXRI06W,1
TXSU3QL,0
TXTUKJT,1
TY1XBY0,0
TY6WNGZ,1
TYROZ32,0
TYS4HNY,1
TYU83J1,0
TYVQAP4,1
TZ3Z5E1,0
TZ9S6IH,0
TZITI82,0
U04U4YA,0
U0P0O9P,1
U15FZYX,1
U17IWLE,0
U19KT2W,1
U1KEXKU,1
U1N10KK,0
U22R33N,1
U22TXWH,0
U23KU5W,0
U2A3BVB,1
U2K1Q14,0
U2OT0Z6,0
U302FT0,0
U3FIRAP,1
U3LDT18,0
U3XB7ZY,1
U4Q6G91,1
U53SDGL,0
U5HFBJM,1
U61JF68,1
U6AGQ3C,1
U6CK6SE,0
U6KBMEC,1
U6KJ2T0,1
U6XCMJ6,0
U7PSE1C,0
U7TPU97,0
U815DLY,0
U86U4DE,1
U8HNULM,0
U8I2BQJ,1
U8R3INO,0
U91ES6D,0
U9D54BB,0
U9J923L,0
U9YCUV5,0
UAO3GS0,1
UB2O3P2,0
UB4F0YY,1
UBSXH3I,1
UBT89B8,1
UC1B57P,0
UCUJOQA,0
UD905J8,0
UDG2PJW,1
UDSJTR0,1
UE86B2F,0
UEYXKS7,1
UF9IREF,1
UFBKWPI,1
UFI95JN,0
UFMX4S0,1
UFZ6W5K,1
UG3FTPT,1
UG5EFU7,0
UGNZF7K,1
UGVUDUX,0
UH4Y9XJ,0
UH6PX4L,0
UHAN1P0,0
UI3K1Q9,0
UIGSNEG,1
UIL1KZ6,1
UIZBQN7,1
UJ5YTGP,0
UJATIWE,1
UJMDRME,1
UKH4W41,1
UKH50SQ,1
UKJMGME,1
UL3GZN8,1
ULLIOHF,0
ULW7MFR,1
ULXZLWM,1
UM41ZMN,1
UML0YPG,1
UMV2PV1,0
UMWUEU0,1
UN3WBVD,0
UNP81GL,1
UOBWYR7,0
UOHPRIM,1
UOTQE5H,1
UPRTSMO,0
UPTJALS,0
UPZDY1Z,1
UQ1NBC0,0
UQ2UUST,0
UQ88EMB,0
UQEA0OZ,0
UQL5L95,0
URCLYL6,1
URH0VC9,1
URMDOQU,0
URY4I3W,1
URZOV14,1
USGIYHL,1
USPCQLE,1
USRRMU8,1
UT0CFRC,0
UT6ITA6,0
UTEPIBP,0
UTGG5BJ,0
UTHNZIQ,0
UTLTUEI,1
UTVGQRZ,0
UUBAR0F,1
UUH1H91,1
UUWH49S,0
UVNRVK5,0
UVRHCI8,1
UWGZXPD,1
UWHUKG1,1
UWO1Z6O,0
UWSDDG3,1
UWUP2DB,1
UX1S5KD,1
UX9F13G,1
UXIGYXR,0
UXYAJB1,1
UYJCXIO,1
UYRZV51,0
UZ7UAJP,0
UZQCS1S,1
UZRQ0BL,0
V06Q0Q9,0
V0ZJ1Q8,0
V1930ES,1
V1BA5Z5,0
V1ELXIZ,1
V1KOAWS,1
V1P6AQ1,0
V1RSMQM,1
V1SRY5B,0
V23K1IU,1
V2DHDXF,0
V2KKMTS,1
V34EVD9,1
V36M3QI,0
V3A2LXK,0
V3OST93,0
V3YK45P,1
V3ZHOW6,0
V3ZI0GF,1
V40HUEO,0
V42OB4X,0
V4AKZ38,0
V4L18WQ,0
V53BOS8,0
V592QLS,0
V5IA3IT,1
V5LAOGV,0
V5WTV0U,1
V64IE8K,0
V6K82HB,0
V75DPR0,0
V77MJCM,1
V7P2EIY,1
V7QCBLY,0
V7U0P7N,1
V80V41H,0
V854JV2,1
V89ZDG9,1
V8BC3PV,0
V8NX9AA,1
V8OZLYA,1
V8P3ULK,0
V9KP2V7,1
V9MHKL3,0
V9NY2X3,0
V9O6ESB,0
V9ONN3L,0
V9UJ2LF,1
VA3M1ZE,1
VA8BSKW,0
VAFYC8R,1
VB29M9A,0
VB4JJLM,1
VC3WORC,0
VCES3UB,0
VCJOAJO,0
VCOK7L9,0
VDXJJD3,0
VE5QVKD,1
VENZP40,0
VETUTR2,0
VEXPR76,1
VFB8YSK,1
VFMWUW2,0
VFOPBA0,0
VFYUP13,1
VGAX5IZ,1
VGTU9SF,0
VGV5GD8,1
VH2JY63,0
VHGYE4D,0
VI36K2L,1
VI3GXFJ,0
VIANSK1,0
VIKBEFD,1
VITCXXP,0
VIUMMB5,0
VIVMFJA,1
VIZHUS5,1
VJ1TURE,0
VJAZ8D3,0
VJG9GZI,1
VJJTPBE,0
VK8UGOP,0
VK8UNJZ,0
VKQ3IMQ,0
VKUKP8V,0
VL9DKGT,0
VLAD9SV,0
VLDA6TJ,1
VLH12HY,0
VLKHXXY,0
VLNKBBG,0
VM1FQWV,0
VMC8EYV,0
VMFD8D6,0
VMY2YRV,1
VN0TNKZ,0
VN6XDQ7,0
VN7IIES,1
VN8XD4Q,0
VNJJ9NI,0
VNT74U7,0
VNWX6G5,0
VOA0C3P,0
VOITHVV,0
VOKE3JA,0
VOST0KL,1
VP2GX2J,1
VPAY7WN,1
VPEW78A,0
VPFKRY1,0
VPFORIN,0
VPH7QKO,1
VPHBT4Q,1
VPM6N5L,1
VPMDEQ9,1
VPQ0KU4,0
VPT5FUA,1
VQ0NJXS,0
VQ14LWW,1
VQ8N9NL,0
VQRJ2PX,0
VQS2FM2,0
VQSUV07,0
VQZE9EU,0
VR02H4E,0
VR2LKA3,0
VRC5VVU,0
VREGWNE,1
VRTNELJ,1
VRX4AWE,0
VS5FFRP,1
VSDM9YZ,0
VSDN0QQ,1
VSE7MPK,0
VSILD8O,1
VSJ7NFO,0
VSUCFHM,0
VSZCFH3,0
VT0F842,0
VT1N9WG,1
VTACTTA,1
VTCW4IG,1
VTJNQJT,0
VTWLQ73,0
VU6P039,1
VU6Y3EU,1
VUD08FS,1
VUHACQH,1
VV4MW7P,1
VV5CQK4,1
VV5JQ25,1
VVEB0D6,0
VVKHQ2N,0
VVP8HY8,0
VW4WW09,0
VWHYKCZ,0
VWP0RWL,0
VWTNN2C,0
VWWX1XD,1
VX1BL92,1
VX55WLL,0
VX9YW5G,1
VXBOQ8K,1
VXD8RFI,0
VXIEF30,1
VXPGLHM,1
VXUDN1V,0
VXZ4IBT,0
VY12LKO,1
VY7NWGN,1
VZ6QQTN,0
VZGGRFT,1
W0855JY,0
W0AIE6L,0
W0DC7OW,1
W149FKB,1
W17TNKK,1
W17ZHJZ,1
W1ILA89,0
W1MRMQ5,0
W27185F,1
W2NLDI4,0
W2ZT9LP,1
W36LTAN,1
W3JGL5V,1
W3SMUQP,0
W3SSTJR,1
W3TIH1V,0
W40F683,0
W4DQL6N,1
W4HGZKT,0
W4L35EW,1
W4W9Q5F,1
W4XWI6U,0
W5F0KC1,1
W5JXPUP,0
W5U51CI,1
W5XSOZS,0
W6X0L7U,0
W771LSW,0
W7HAXK7,1
W837SY4,1
W88WXA0,0
W8HYQX2,1
W8LS42C,0
W9GOYOC,0
W9SH4CD,1
W9UEP0W,1
WA2FO4U,0
WACM22F,1
WAQAIAD,1
WAR7ZJG,0
WB3E64W,0
WBZR65D,1
WCQGECH,0
WCXFC91,1
WD5RAIN,0
WDGGJSR,1
WDJLU4D,0
WDQOHX3,0
WE5MW3D,1
WF4P1E5,1
WF7CWPZ,0
WF80V6Y,0
WFLBV7P,0
WFRK7T0,0
WFY4M69,0
WGIT48W,1
WGPGHG9,0
WHC9YPM,0
WHE41FC,1
WHEQF8D,1
WI0A1QC,0
WI6NAPW,1
WIA9D3S,1
WIB6A1C,0
WIJMWNT,0
WIS98H1,0
WIU6TG2,1
WIWLQT7,0
WJ0A4PM,0
WK0PZT8,0
WK37VOZ,0
WKBEP6A,0
WKCL5GU,1
WLITMID,1
WLV2TSM,0
WM2LRFW,0
WM7L9ZY,1
WMQZOJW,1
WMVQSQ8,1
WNJOS1F,0
WNPA2IY,0
WNVRP0Y,0
WO5IBK4,0
WOBIOKR,1
WOCQFJI,0
WOKI36E,0
WOOOEHM,1
WP1BQO5,0
WPOXM4M,0
WQ5XT53,0
WQIN43A,0
WRELXRV,0
WRHWBL0,1
WRTKM4F,0
WRVOZ7L,1
WS2AKPW,1
WS8WL41,1
WSJ8RKG,0
WST9FOM,1
WSW6IYD,0
WSY22Y5,1
WT2G575,0
WT78RTQ,0
WTBMNYK,0
WTFOI7I,0
WTTQ9TY,0
WTYJJO8,1
WUE7SXB,0
WUQM3HM,1
WVOW6P8,0
WVPPTSK,1
WVU78ST,1
WWFDX8B,0
WWK3AA0,0
WWUEC9U,1
WX5UAUP,1
WX64R78,1
WXG931F,0
WXGIQB8,1
WXZ9H7D,0
WY1T2H9,1
WYWUOWW,0
WZB8G72,0
WZDQEVK,0
WZJHTZY,0
WZNEE8Z,0
WZU3S3O,0
WZV9PS4,0
WZXKLOU,0
X010ER2,0
X04QSW9,0
X0EK4K3,0
X0NBSVE,1
X1FFLDS,1
X1JS9JS,1
X1NLB83,0
X1TKCR0,1
X1YCHCV,0
X1ZUOZ1,1
X241M0D,0
X2BM7V1,0
X2PIRXM,0
X2VQJE4,1
X38M0V0,1
X3APTQY,1
X3FNLUA,1
X3U9187,0
X3UBZ6I,0
X417I5B,0
X43VIGZ,0
X4GFKMN,0
X4ICIN4,0
X52CWGJ,1
X53VXKS,0
X5EEYQT,1
X5ZOX6N,0
X63F7CP,0
X6AAZWX,0
X6HU8DS,0
X6LOVHN,0
X6POAN2,1
X709R0M,1
X728FIX,0
X7615C4,1
X7F8710,1
X7T98L1,0
X7WT6QC,0
X83BGL4,0
X849O18,1
X87HHDR,1
X87OTUX,0
X8AASIG,0
X8EL3IC,0
X972SQU,1
X9UM0KE,0
X9ZHR7J,1
XB99PXZ,1
XBFEXDV,0
XBNWCHQ,0
XCO28H4,0
XCP7JST,1
XCTMY14,1
XDB05V4,0
XDG8ZFJ,1
XDHDB88,1
XDPOVY7,0
XDTFYD5,1
XEIEYIT,1
XEOXGMG,1
XEV3GO2,1
XEVB20J,1
XF25QMW,1
XFDSFH8,0
XFZ6CG5,0
XGW22FH,0
XGZJGNV,1
XHC7U9B,0
XHZEOH8,0
XIASLZY,1
XIO6ODZ,1
XJ5BWA1,0
XJCSJYA,0
XJDWESW,0
XJHLPSH,1
XJSMG9Q,1
XJSRGE8,1
XKAJQ3T,0
XKL2TFK,1
XKRZYMN,1
XKS4BS2,0
XL2Z0VV,1
XL4D4RI,0
XMLI8BK,0
XMNF4EK,0
XN07AZK,1
XN1G4SW,0
XN8LPEF,1
XNBU9G8,0
XNCKV04,1
XNQ4LIO,0
XNRDPXA,1
XNW3NY5,1
XOAFARH,1
XOCCSB8,0
XOO2L64,1
XPWAT8V,1
XPY09NF,1
XQ1IOZG,1
XQFTRZP,0
XQLPB5E,0
XRDLESX,0
XRGI5Z4,1
XRQ7LTK,1
XRSP89B,1
XRV0JPG,1
XSKA87A,0
XSQ27TW,0
XSRF0MI,0
XTF6RPF,1
XTLMQWW,1
XULYEX3,0
XUMSXP3,1
XUVJTCR,1
XV3SOHQ,1
XV4UA6F,1
XVBWQKC,1
XVHA5RU,0
XVPGOYR,1
XW8O2ZY,0
XWG3SVH,0
XWHPXQO,0
XWNRZYQ,0
XWNYJI5,0
XWVQ5JX,1
XX74K7K,1
XXGBLEU,0
XXV4BJS,0
XY9HQ3Q,1
XYCVQUL,1
XYSHNJM,0
XYVNA8L,1
XZ628U2,0
XZ9260A,1
XZON90T,1
XZP5XIU,0
XZQXRUB,0
XZX19K8,0
Y0BM4W2,1
Y0PMX8W,0
Y0PSZNG,0
Y1OT8GW,0
Y1XLX4F,1
Y1Y5CPS,0
Y2J431Y,1
Y2KZSCS,1
Y2MP08W,0
Y381943,1
Y3IJECT,0
Y3KSJVB,0
Y3NZ0IB,0
Y3O30PK,1
Y3QGD4H,0
Y4BIHCD,1
Y4MU0SV,0
Y4OPKQ4,1
Y4U4YU9,0
Y4YVMBR,0
Y50K87J,1
Y50UEJ8,1
Y512G8T,1
Y553NKH,1
Y5CNBLK,1
Y5FYAWB,0
Y5U994T,0
Y610EMD,1
Y6EBON8,0
Y6PSSRT,0
Y6ZP0YG,0
Y74F60L,0
Y75UC7F,0
Y7BQCFP,0
Y7E5PFE,1
Y7W1MEU,0
Y8KGVTL,1
Y9NQHVX,0
Y9PG7JC,0
YA3OVLV,1
YA54U3B,1
YAA9F74,1
YAB5VR4,1
YACRH79,0
YAD2WTT,0
YALSH52,1
YAOQCIC,0
YASJBOX,0
YBBBY9D,0
YC438YI,1
YC7FKJ5,0
YC97M3S,1
YCKJFC6,1
YCRUO1O,0
YCZXSNW,1
YD364JB,0
YD59AMU,1
YDZLP9B,0
YE2XMXD,0
YE31108,0
YE9PJXF,1
YEC4BX0,1
YECF15U,0
YEIJ8A5,1
YEUBY7I,0
YEYEPMY,1
YFBF179,1
YFFQKE8,0
YFI3OJD,1
YFJHU92,1
YFZJ7NP,0
YG1T6GU,0
YGV6Z5H,1
YH5A1HV,0
YH989JL,0
YHJA9NU,1
YHWMDP6,0
YI0007Q,1
YIR8K0R,0
YJ98ME2,0
YJD2KND,0
YJJ2PKC,1
YJQF7IE,1
YK3X0G0,1
YK512MC,0
YK5B8WE,1
YK6EXHA,0
YKBHGVN,1
YKCBUKT,0
YKX04RR,1
YL6ZNDY,1
YLHBBDD,0
YLOLUWO,1
YM1VDB6,1
YM307MI,1
YMVOIZV,0
YMYXN7R,1
YN0DYWH,0
YNC2G3P,1
YNCQV7O,1
YNH9WSP,1
YOMRP75,0
YOPRFFB,0
YOTGKBQ,0
YP5K3T8,0
YP9RPD7,0
YPFD0HV,0
YPFPW8A,0
YPLHCLL,1
YPTQKQR,0
YPTZW75,0
YQE7AXG,1
YQO5M9G,1
YQQLHZP,0
YQZ3HFR,0
YRA2RK6,0
YRB4CG1,0
YRDJ7TR,1
YRGJAJJ,0
YRIRLS6,0
YRTOP6S,1
YSDHU4E,1
YSEOKMS,0
YSGZ9X9,1
YSH7TI8,0
YT06SPD,1
YT9KRJP,0
YTB85ES,1
YTKU8B9,1
YTUOURX,1
YTXABEW,1
YTXPONP,1
YU3L677,0
YU611T2,0
YU6J2U9,1
YUAXG21,1
YUGELOG,1
YUMOMC7,1
YUQJ03T,1
YUVDYUU,1
YUVRU97,0
YUXIY8R,0
YUYHADW,1
YV0T3EW,0
YVBCOPX,0
YVFBC9O,1
YVIU0M1,1
YVIW7W2,1
YVRP1TO,1
YW1BJD4,0
YX0K7FT,0
YXCUDEZ,0
YXIL1H6,0
YXJOPFA,0
YYGD99W,1
YYIPJ8X,0
YZ53GK4,0
YZ96Z2H,1
YZIDZ54,1
YZVLOWQ,0
Z002YDA,0
Z015YGF,1
Z0U8MNA,0
Z13GXIS,1
Z1I0RKO,1
Z1KVSVO,0
Z1YKGMZ,0
Z2H6G4J,1
Z2IKPKX,0
Z2QWUW2,0
Z2XG69K,0
Z33YHJG,0
Z34HR8I,0
Z36IM3O,1
Z37VBLH,1
Z3M4DFB,0
Z3V4WVX,0
Z3YZMIV,0
Z3ZL20G,1
Z4BPQ82,0
Z556X3D,0
Z56GFVA,1
Z5KZ0IN,0
Z5L5K12,0
Z6CNE9S,0
Z6HCSF0,1
Z6MHZVZ,0
Z6O83XW,1
Z7SJO4C,0
Z7UH96U,1
Z84S6Z7,1
Z8DU2YT,1
Z8SX5F5,0
Z8UPNV2,0
Z8XI6B7,0
Z99VY3J,1
Z9CQKLL,0
Z9H9KV9,1
Z9MDD99,1
Z9OVONQ,0
Z9XKXXL,0
ZA9O4WL,0
ZANAY64,1
ZAOIR62,1
ZBGGK5T,1
ZBOX9JP,1
ZBVFUCA,1
ZC7LMST,0
ZCDTT3D,1
ZCSFLM2,1
ZD9M7E5,1
ZDCK6JP,1
ZDEBBHN,1
ZDI8O53,1
ZDJ4SM2,0
ZE2RBLA,0
ZEK0YWT,1
ZEVYSJ0,0
ZEXPHGI,0
ZF49WKA,1
ZFWE5MQ,0
ZFZQWSU,1
ZG2C04W,1
ZG7NXYV,0
ZGV7PXU,1
ZH8IZHU,1
ZHDP16H,1
ZI0PU4Y,0
ZI3DUBU,1
ZIBN3RQ,0
ZIETYEH,0
ZIJQEWN,1
ZJMV775,1
ZJRVDWH,1
ZJSJVPP,0
ZK9CN3W,1
ZKHR6EL,1
ZKITPM3,1
ZKS8X6A,1
ZKZPBGY,1
ZL1JKI0,0
ZLAJWMW,1
ZLF8LKE,0
ZM8Y96F,0
ZMDAZ5S,0
ZMOYDT0,1
ZMQ59N6,0
ZMSMR0Z,1
ZNB8BV9,1
ZNKXY8E,0
ZNRHM22,0
ZNYOP38,1
ZO9LTX4,1
ZOTRP7M,0
ZP4DSAM,1
ZPBI5BR,0
ZPEA7V5,0
ZPP94KU,0
ZPT74O7,1
ZPXW2JB,0
ZQDE92R,1
ZQKZWED,0
ZQME4QP,0
ZQZ5AFX,0
ZRBRBN1,0
ZRCEQL0,0
ZREJYZV,0
ZS426CO,1
ZS4AMG0,0
ZSFUMRP,1
ZSKF8DV,1
ZSULRTH,0
ZSVJOHG,0
ZTMNEMY,0
ZTTHC5X,0
ZUH4SJR,1
ZUJAFUP,1
ZV70KRX,0
ZVI1K6E,0
ZWHCTUM,1
ZWL2W6I,1
ZWMG7L5,0
ZWQRL8L,1
ZWVSFZY,0
ZWZ92GU,1
ZX34V0A,0
ZXEBF6P,1
ZXIQF9C,1
ZXLNIJY,1
ZYEK9NI,0
ZYTNJOK,1
ZYXX5AF,0
ZYYOZ5L,0
ZZ1GTKD,0
ZZDXQSI,1
ZZYTLV1,0
